This is pdfTeX, Version 3.141592653-2.6-1.40.22 (TeX Live 2022/dev/Debian) (preloaded format=pdflatex 2026.9.6)  7 SEP 2026 20:31
entering extended mode
 restricted \write18 enabled.
 %&-line parsing enabled.
**Group11_Assignment2_report_v11.tex
(./Group11_Assignment2_report_v11.tex
LaTeX2e <2021-11-15> patch level 1
L3 programming layer <2022-01-21>
(/usr/share/texlive/texmf-dist/tex/latex/base/article.cls
Document Class: article 2021/10/04 v1.4n Standard LaTeX document class
(/usr/share/texlive/texmf-dist/tex/latex/base/size11.clo
File: size11.clo 2021/10/04 v1.4n Standard LaTeX file (size option)
)
\c@part=\count185
\c@section=\count186
\c@subsection=\count187
\c@subsubsection=\count188
\c@paragraph=\count189
\c@subparagraph=\count190
\c@figure=\count191
\c@table=\count192
\abovecaptionskip=\skip47
\belowcaptionskip=\skip48
\bibindent=\dimen138
)
(/usr/share/texlive/texmf-dist/tex/latex/geometry/geometry.sty
Package: geometry 2020/01/02 v5.9 Page Geometry

(/usr/share/texlive/texmf-dist/tex/latex/graphics/keyval.sty
Package: keyval 2014/10/28 v1.15 key=value parser (DPC)
\KV@toks@=\toks16
)
(/usr/share/texlive/texmf-dist/tex/generic/iftex/ifvtex.sty
Package: ifvtex 2019/10/25 v1.7 ifvtex legacy package. Use iftex instead.

(/usr/share/texlive/texmf-dist/tex/generic/iftex/iftex.sty
Package: iftex 2020/03/06 v1.0d TeX engine tests
))
\Gm@cnth=\count193
\Gm@cntv=\count194
\c@Gm@tempcnt=\count195
\Gm@bindingoffset=\dimen139
\Gm@wd@mp=\dimen140
\Gm@odd@mp=\dimen141
\Gm@even@mp=\dimen142
\Gm@layoutwidth=\dimen143
\Gm@layoutheight=\dimen144
\Gm@layouthoffset=\dimen145
\Gm@layoutvoffset=\dimen146
\Gm@dimlist=\toks17
)
(/usr/share/texlive/texmf-dist/tex/latex/graphics/graphicx.sty
Package: graphicx 2021/09/16 v1.2d Enhanced LaTeX Graphics (DPC,SPQR)

(/usr/share/texlive/texmf-dist/tex/latex/graphics/graphics.sty
Package: graphics 2021/03/04 v1.4d Standard LaTeX Graphics (DPC,SPQR)

(/usr/share/texlive/texmf-dist/tex/latex/graphics/trig.sty
Package: trig 2021/08/11 v1.11 sin cos tan (DPC)
)
(/usr/share/texlive/texmf-dist/tex/latex/graphics-cfg/graphics.cfg
File: graphics.cfg 2016/06/04 v1.11 sample graphics configuration
)
Package graphics Info: Driver file: pdftex.def on input line 107.

(/usr/share/texlive/texmf-dist/tex/latex/graphics-def/pdftex.def
File: pdftex.def 2020/10/05 v1.2a Graphics/color driver for pdftex
))
\Gin@req@height=\dimen147
\Gin@req@width=\dimen148
)
(/usr/share/texlive/texmf-dist/tex/latex/caption/caption.sty
Package: caption 2020/10/26 v3.5g Customizing captions (AR)

(/usr/share/texlive/texmf-dist/tex/latex/caption/caption3.sty
Package: caption3 2020/10/21 v2.2e caption3 kernel (AR)
\captionmargin=\dimen149
\captionmargin@=\dimen150
\captionwidth=\dimen151
\caption@tempdima=\dimen152
\caption@indent=\dimen153
\caption@parindent=\dimen154
\caption@hangindent=\dimen155
Package caption Info: Standard document class detected.
)
\c@caption@flags=\count196
\c@continuedfloat=\count197
)
(/usr/share/texlive/texmf-dist/tex/latex/caption/subcaption.sty
Package: subcaption 2020/10/07 v1.3j Sub-captions (AR)
\c@subfigure=\count198
\c@subtable=\count199
)
(/usr/share/texlive/texmf-dist/tex/latex/float/float.sty
Package: float 2001/11/08 v1.3d Float enhancements (AL)
\c@float@type=\count266
\float@exts=\toks18
\float@box=\box50
\@float@everytoks=\toks19
\@floatcapt=\box51
)
(/usr/share/texlive/texmf-dist/tex/latex/booktabs/booktabs.sty
Package: booktabs 2020/01/12 v1.61803398 Publication quality tables
\heavyrulewidth=\dimen156
\lightrulewidth=\dimen157
\cmidrulewidth=\dimen158
\belowrulesep=\dimen159
\belowbottomsep=\dimen160
\aboverulesep=\dimen161
\abovetopsep=\dimen162
\cmidrulesep=\dimen163
\cmidrulekern=\dimen164
\defaultaddspace=\dimen165
\@cmidla=\count267
\@cmidlb=\count268
\@aboverulesep=\dimen166
\@belowrulesep=\dimen167
\@thisruleclass=\count269
\@lastruleclass=\count270
\@thisrulewidth=\dimen168
)
(/usr/share/texlive/texmf-dist/tex/latex/amsmath/amsmath.sty
Package: amsmath 2021/10/15 v2.17l AMS math features
\@mathmargin=\skip49

For additional information on amsmath, use the `?' option.
(/usr/share/texlive/texmf-dist/tex/latex/amsmath/amstext.sty
Package: amstext 2021/08/26 v2.01 AMS text

(/usr/share/texlive/texmf-dist/tex/latex/amsmath/amsgen.sty
File: amsgen.sty 1999/11/30 v2.0 generic functions
\@emptytoks=\toks20
\ex@=\dimen169
))
(/usr/share/texlive/texmf-dist/tex/latex/amsmath/amsbsy.sty
Package: amsbsy 1999/11/29 v1.2d Bold Symbols
\pmbraise@=\dimen170
)
(/usr/share/texlive/texmf-dist/tex/latex/amsmath/amsopn.sty
Package: amsopn 2021/08/26 v2.02 operator names
)
\inf@bad=\count271
LaTeX Info: Redefining \frac on input line 234.
\uproot@=\count272
\leftroot@=\count273
LaTeX Info: Redefining \overline on input line 399.
\classnum@=\count274
\DOTSCASE@=\count275
LaTeX Info: Redefining \ldots on input line 496.
LaTeX Info: Redefining \dots on input line 499.
LaTeX Info: Redefining \cdots on input line 620.
\Mathstrutbox@=\box52
\strutbox@=\box53
\big@size=\dimen171
LaTeX Font Info:    Redeclaring font encoding OML on input line 743.
LaTeX Font Info:    Redeclaring font encoding OMS on input line 744.
\macc@depth=\count276
\c@MaxMatrixCols=\count277
\dotsspace@=\muskip16
\c@parentequation=\count278
\dspbrk@lvl=\count279
\tag@help=\toks21
\row@=\count280
\column@=\count281
\maxfields@=\count282
\andhelp@=\toks22
\eqnshift@=\dimen172
\alignsep@=\dimen173
\tagshift@=\dimen174
\tagwidth@=\dimen175
\totwidth@=\dimen176
\lineht@=\dimen177
\@envbody=\toks23
\multlinegap=\skip50
\multlinetaggap=\skip51
\mathdisplay@stack=\toks24
LaTeX Info: Redefining \[ on input line 2938.
LaTeX Info: Redefining \] on input line 2939.
)
(/usr/share/texlive/texmf-dist/tex/latex/amsfonts/amssymb.sty
Package: amssymb 2013/01/14 v3.01 AMS font symbols

(/usr/share/texlive/texmf-dist/tex/latex/amsfonts/amsfonts.sty
Package: amsfonts 2013/01/14 v3.01 Basic AMSFonts support
\symAMSa=\mathgroup4
\symAMSb=\mathgroup5
LaTeX Font Info:    Redeclaring math symbol \hbar on input line 98.
LaTeX Font Info:    Overwriting math alphabet `\mathfrak' in version `bold'
(Font)                  U/euf/m/n --> U/euf/b/n on input line 106.
))
(/usr/share/texlive/texmf-dist/tex/latex/xcolor/xcolor.sty
Package: xcolor 2021/10/31 v2.13 LaTeX color extensions (UK)

(/usr/share/texlive/texmf-dist/tex/latex/graphics-cfg/color.cfg
File: color.cfg 2016/01/02 v1.6 sample color configuration
)
Package xcolor Info: Driver file: pdftex.def on input line 227.
Package xcolor Info: Model `cmy' substituted by `cmy0' on input line 1352.
Package xcolor Info: Model `hsb' substituted by `rgb' on input line 1356.
Package xcolor Info: Model `RGB' extended on input line 1368.
Package xcolor Info: Model `HTML' substituted by `rgb' on input line 1370.
Package xcolor Info: Model `Hsb' substituted by `hsb' on input line 1371.
Package xcolor Info: Model `tHsb' substituted by `hsb' on input line 1372.
Package xcolor Info: Model `HSB' substituted by `hsb' on input line 1373.
Package xcolor Info: Model `Gray' substituted by `gray' on input line 1374.
Package xcolor Info: Model `wave' substituted by `hsb' on input line 1375.
)
(/usr/share/texlive/texmf-dist/tex/latex/multirow/multirow.sty
Package: multirow 2021/03/15 v2.8 Span multiple rows of a table
\multirow@colwidth=\skip52
\multirow@cntb=\count283
\multirow@dima=\skip53
\bigstrutjot=\dimen178
)
(/usr/share/texlive/texmf-dist/tex/latex/tools/array.sty
Package: array 2021/10/04 v2.5f Tabular extension package (FMi)
\col@sep=\dimen179
\ar@mcellbox=\box54
\extrarowheight=\dimen180
\NC@list=\toks25
\extratabsurround=\skip54
\backup@length=\skip55
\ar@cellbox=\box55
)
(/usr/share/texlive/texmf-dist/tex/latex/hyperref/hyperref.sty
Package: hyperref 2021-06-07 v7.00m Hypertext links for LaTeX

(/usr/share/texlive/texmf-dist/tex/generic/ltxcmds/ltxcmds.sty
Package: ltxcmds 2020-05-10 v1.25 LaTeX kernel commands for general use (HO)
)
(/usr/share/texlive/texmf-dist/tex/generic/pdftexcmds/pdftexcmds.sty
Package: pdftexcmds 2020-06-27 v0.33 Utility functions of pdfTeX for LuaTeX (HO
)

(/usr/share/texlive/texmf-dist/tex/generic/infwarerr/infwarerr.sty
Package: infwarerr 2019/12/03 v1.5 Providing info/warning/error messages (HO)
)
Package pdftexcmds Info: \pdf@primitive is available.
Package pdftexcmds Info: \pdf@ifprimitive is available.
Package pdftexcmds Info: \pdfdraftmode found.
)
(/usr/share/texlive/texmf-dist/tex/generic/kvsetkeys/kvsetkeys.sty
Package: kvsetkeys 2019/12/15 v1.18 Key value parser (HO)
)
(/usr/share/texlive/texmf-dist/tex/generic/kvdefinekeys/kvdefinekeys.sty
Package: kvdefinekeys 2019-12-19 v1.6 Define keys (HO)
)
(/usr/share/texlive/texmf-dist/tex/generic/pdfescape/pdfescape.sty
Package: pdfescape 2019/12/09 v1.15 Implements pdfTeX's escape features (HO)
)
(/usr/share/texlive/texmf-dist/tex/latex/hycolor/hycolor.sty
Package: hycolor 2020-01-27 v1.10 Color options for hyperref/bookmark (HO)
)
(/usr/share/texlive/texmf-dist/tex/latex/letltxmacro/letltxmacro.sty
Package: letltxmacro 2019/12/03 v1.6 Let assignment for LaTeX macros (HO)
)
(/usr/share/texlive/texmf-dist/tex/latex/auxhook/auxhook.sty
Package: auxhook 2019-12-17 v1.6 Hooks for auxiliary files (HO)
)
(/usr/share/texlive/texmf-dist/tex/latex/kvoptions/kvoptions.sty
Package: kvoptions 2020-10-07 v3.14 Key value format for package options (HO)
)
\@linkdim=\dimen181
\Hy@linkcounter=\count284
\Hy@pagecounter=\count285

(/usr/share/texlive/texmf-dist/tex/latex/hyperref/pd1enc.def
File: pd1enc.def 2021-06-07 v7.00m Hyperref: PDFDocEncoding definition (HO)
Now handling font encoding PD1 ...
... no UTF-8 mapping file for font encoding PD1
)
(/usr/share/texlive/texmf-dist/tex/latex/hyperref/hyperref-langpatches.def
File: hyperref-langpatches.def 2021-06-07 v7.00m Hyperref: patches for babel la
nguages
)
(/usr/share/texlive/texmf-dist/tex/generic/intcalc/intcalc.sty
Package: intcalc 2019/12/15 v1.3 Expandable calculations with integers (HO)
)
(/usr/share/texlive/texmf-dist/tex/generic/etexcmds/etexcmds.sty
Package: etexcmds 2019/12/15 v1.7 Avoid name clashes with e-TeX commands (HO)
)
\Hy@SavedSpaceFactor=\count286

(/usr/share/texlive/texmf-dist/tex/latex/hyperref/puenc.def
File: puenc.def 2021-06-07 v7.00m Hyperref: PDF Unicode definition (HO)
Now handling font encoding PU ...
... no UTF-8 mapping file for font encoding PU
)
Package hyperref Info: Option `colorlinks' set `true' on input line 4073.
Package hyperref Info: Hyper figures OFF on input line 4192.
Package hyperref Info: Link nesting OFF on input line 4197.
Package hyperref Info: Hyper index ON on input line 4200.
Package hyperref Info: Plain pages OFF on input line 4207.
Package hyperref Info: Backreferencing OFF on input line 4212.
Package hyperref Info: Implicit mode ON; LaTeX internals redefined.
Package hyperref Info: Bookmarks ON on input line 4445.
\c@Hy@tempcnt=\count287

(/usr/share/texlive/texmf-dist/tex/latex/url/url.sty
\Urlmuskip=\muskip17
Package: url 2013/09/16  ver 3.4  Verb mode for urls, etc.
)
LaTeX Info: Redefining \url on input line 4804.
\XeTeXLinkMargin=\dimen182

(/usr/share/texlive/texmf-dist/tex/generic/bitset/bitset.sty
Package: bitset 2019/12/09 v1.3 Handle bit-vector datatype (HO)

(/usr/share/texlive/texmf-dist/tex/generic/bigintcalc/bigintcalc.sty
Package: bigintcalc 2019/12/15 v1.5 Expandable calculations on big integers (HO
)
))
\Fld@menulength=\count288
\Field@Width=\dimen183
\Fld@charsize=\dimen184
Package hyperref Info: Hyper figures OFF on input line 6076.
Package hyperref Info: Link nesting OFF on input line 6081.
Package hyperref Info: Hyper index ON on input line 6084.
Package hyperref Info: backreferencing OFF on input line 6091.
Package hyperref Info: Link coloring ON on input line 6094.
Package hyperref Info: Link coloring with OCG OFF on input line 6101.
Package hyperref Info: PDF/A mode OFF on input line 6106.
LaTeX Info: Redefining \ref on input line 6146.
LaTeX Info: Redefining \pageref on input line 6150.

(/usr/share/texlive/texmf-dist/tex/latex/base/atbegshi-ltx.sty
Package: atbegshi-ltx 2021/01/10 v1.0c Emulation of the original atbegshi
package with kernel methods
)
\Hy@abspage=\count289
\c@Item=\count290
\c@Hfootnote=\count291
)
Package hyperref Info: Driver (autodetected): hpdftex.

(/usr/share/texlive/texmf-dist/tex/latex/hyperref/hpdftex.def
File: hpdftex.def 2021-06-07 v7.00m Hyperref driver for pdfTeX

(/usr/share/texlive/texmf-dist/tex/latex/base/atveryend-ltx.sty
Package: atveryend-ltx 2020/08/19 v1.0a Emulation of the original atveryend pac
kage
with kernel methods
)
\Fld@listcount=\count292
\c@bookmark@seq@number=\count293

(/usr/share/texlive/texmf-dist/tex/latex/rerunfilecheck/rerunfilecheck.sty
Package: rerunfilecheck 2019/12/05 v1.9 Rerun checks for auxiliary files (HO)

(/usr/share/texlive/texmf-dist/tex/generic/uniquecounter/uniquecounter.sty
Package: uniquecounter 2019/12/15 v1.4 Provide unlimited unique counter (HO)
)
Package uniquecounter Info: New unique counter `rerunfilecheck' on input line 2
86.
)
\Hy@SectionHShift=\skip56
)
(/usr/share/texlive/texmf-dist/tex/latex/l3backend/l3backend-pdftex.def
File: l3backend-pdftex.def 2022-01-12 L3 backend support: PDF output (pdfTeX)
\l__color_backend_stack_int=\count294
\l__pdf_internal_box=\box56
)
(./Group11_Assignment2_report_v11.aux)
\openout1 = `Group11_Assignment2_report_v11.aux'.

LaTeX Font Info:    Checking defaults for OML/cmm/m/it on input line 24.
LaTeX Font Info:    ... okay on input line 24.
LaTeX Font Info:    Checking defaults for OMS/cmsy/m/n on input line 24.
LaTeX Font Info:    ... okay on input line 24.
LaTeX Font Info:    Checking defaults for OT1/cmr/m/n on input line 24.
LaTeX Font Info:    ... okay on input line 24.
LaTeX Font Info:    Checking defaults for T1/cmr/m/n on input line 24.
LaTeX Font Info:    ... okay on input line 24.
LaTeX Font Info:    Checking defaults for TS1/cmr/m/n on input line 24.
LaTeX Font Info:    ... okay on input line 24.
LaTeX Font Info:    Checking defaults for OMX/cmex/m/n on input line 24.
LaTeX Font Info:    ... okay on input line 24.
LaTeX Font Info:    Checking defaults for U/cmr/m/n on input line 24.
LaTeX Font Info:    ... okay on input line 24.
LaTeX Font Info:    Checking defaults for PD1/pdf/m/n on input line 24.
LaTeX Font Info:    ... okay on input line 24.
LaTeX Font Info:    Checking defaults for PU/pdf/m/n on input line 24.
LaTeX Font Info:    ... okay on input line 24.

*geometry* driver: auto-detecting
*geometry* detected driver: pdftex
*geometry* verbose mode - [ preamble ] result:
* driver: pdftex
* paper: a4paper
* layout: <same size as paper>
* layoutoffset:(h,v)=(0.0pt,0.0pt)
* modes: 
* h-part:(L,W,R)=(68.28644pt, 460.935pt, 68.28644pt)
* v-part:(T,H,B)=(68.28644pt, 708.47397pt, 68.28644pt)
* \paperwidth=597.50787pt
* \paperheight=845.04684pt
* \textwidth=460.935pt
* \textheight=708.47397pt
* \oddsidemargin=-3.98355pt
* \evensidemargin=-3.98355pt
* \topmargin=-40.98355pt
* \headheight=12.0pt
* \headsep=25.0pt
* \topskip=11.0pt
* \footskip=30.0pt
* \marginparwidth=50.0pt
* \marginparsep=10.0pt
* \columnsep=10.0pt
* \skip\footins=10.0pt plus 4.0pt minus 2.0pt
* \hoffset=0.0pt
* \voffset=0.0pt
* \mag=1000
* \@twocolumnfalse
* \@twosidefalse
* \@mparswitchfalse
* \@reversemarginfalse
* (1in=72.27pt=25.4mm, 1cm=28.453pt)

(/usr/share/texlive/texmf-dist/tex/context/base/mkii/supp-pdf.mkii
[Loading MPS to PDF converter (version 2006.09.02).]
\scratchcounter=\count295
\scratchdimen=\dimen185
\scratchbox=\box57
\nofMPsegments=\count296
\nofMParguments=\count297
\everyMPshowfont=\toks26
\MPscratchCnt=\count298
\MPscratchDim=\dimen186
\MPnumerator=\count299
\makeMPintoPDFobject=\count300
\everyMPtoPDFconversion=\toks27
) (/usr/share/texlive/texmf-dist/tex/latex/epstopdf-pkg/epstopdf-base.sty
Package: epstopdf-base 2020-01-24 v2.11 Base part for package epstopdf
Package epstopdf-base Info: Redefining graphics rule for `.eps' on input line 4
85.

(/usr/share/texlive/texmf-dist/tex/latex/latexconfig/epstopdf-sys.cfg
File: epstopdf-sys.cfg 2010/07/13 v1.3 Configuration of (r)epstopdf for TeX Liv
e
))
Package caption Info: Begin \AtBeginDocument code.
Package caption Info: float package is loaded.
Package caption Info: hyperref package is loaded.
Package caption Info: End \AtBeginDocument code.
Package hyperref Info: Link coloring ON on input line 24.

(/usr/share/texlive/texmf-dist/tex/latex/hyperref/nameref.sty
Package: nameref 2021-04-02 v2.47 Cross-referencing by name of section

(/usr/share/texlive/texmf-dist/tex/latex/refcount/refcount.sty
Package: refcount 2019/12/15 v3.6 Data extraction from label references (HO)
)
(/usr/share/texlive/texmf-dist/tex/generic/gettitlestring/gettitlestring.sty
Package: gettitlestring 2019/12/15 v1.6 Cleanup title references (HO)
)
\c@section@level=\count301
)
LaTeX Info: Redefining \ref on input line 24.
LaTeX Info: Redefining \pageref on input line 24.
LaTeX Info: Redefining \nameref on input line 24.

(./Group11_Assignment2_report_v11.out) (./Group11_Assignment2_report_v11.out)
\@outlinefile=\write3
\openout3 = `Group11_Assignment2_report_v11.out'.

LaTeX Font Info:    Trying to load font information for U+msa on input line 26.


(/usr/share/texlive/texmf-dist/tex/latex/amsfonts/umsa.fd
File: umsa.fd 2013/01/14 v3.01 AMS symbols A
)
LaTeX Font Info:    Trying to load font information for U+msb on input line 26.


(/usr/share/texlive/texmf-dist/tex/latex/amsfonts/umsb.fd
File: umsb.fd 2013/01/14 v3.01 AMS symbols B
)
(./Group11_Assignment2_report_v11.toc)
\tf@toc=\write4
\openout4 = `Group11_Assignment2_report_v11.toc'.

 [1

{/var/lib/texmf/fonts/map/pdftex/updmap/pdftex.map}] [2] [3]
<outputs/classification/ls/h2/error_curve.png, id=120, 571.3345pt x 338.866pt>
File: outputs/classification/ls/h2/error_curve.png Graphic file (type png)
<use outputs/classification/ls/h2/error_curve.png>
Package pdftex.def Info: outputs/classification/ls/h2/error_curve.png  used on 
input line 204.
(pdftex.def)             Requested size: 299.60493pt x 177.70564pt.
<outputs/classification/ls/best/decision_regions_train.png, id=122, 571.3345pt 
x 425.59pt>
File: outputs/classification/ls/best/decision_regions_train.png Graphic file (t
ype png)
<use outputs/classification/ls/best/decision_regions_train.png>
Package pdftex.def Info: outputs/classification/ls/best/decision_regions_train.
png  used on input line 213.
(pdftex.def)             Requested size: 276.5638pt x 206.01476pt.
 [4 <./outputs/classification/ls/h2/error_curve.png>]
<outputs/classification/ls/best/cm_test.png, id=133, 421.1735pt x 345.29pt>
File: outputs/classification/ls/best/cm_test.png Graphic file (type png)
<use outputs/classification/ls/best/cm_test.png>
Package pdftex.def Info: outputs/classification/ls/best/cm_test.png  used on in
put line 220.
(pdftex.def)             Requested size: 230.4675pt x 188.94063pt.
<outputs/classification/ls/best/train/surface_hidden_l1_n0.png, id=134, 489.027
pt x 426.393pt>
File: outputs/classification/ls/best/train/surface_hidden_l1_n0.png Graphic fil
e (type png)
<use outputs/classification/ls/best/train/surface_hidden_l1_n0.png>
Package pdftex.def Info: outputs/classification/ls/best/train/surface_hidden_l1
_n0.png  used on input line 230.
(pdftex.def)             Requested size: 147.50256pt x 128.60854pt.
<outputs/classification/ls/best/val/surface_hidden_l1_n0.png, id=135, 489.027pt
 x 426.393pt>
File: outputs/classification/ls/best/val/surface_hidden_l1_n0.png Graphic file 
(type png)
<use outputs/classification/ls/best/val/surface_hidden_l1_n0.png>
Package pdftex.def Info: outputs/classification/ls/best/val/surface_hidden_l1_n
0.png  used on input line 234.
(pdftex.def)             Requested size: 147.50256pt x 128.60854pt.
<outputs/classification/ls/best/test/surface_hidden_l1_n0.png, id=136, 489.027p
t x 426.393pt>
File: outputs/classification/ls/best/test/surface_hidden_l1_n0.png Graphic file
 (type png)
<use outputs/classification/ls/best/test/surface_hidden_l1_n0.png>
Package pdftex.def Info: outputs/classification/ls/best/test/surface_hidden_l1_
n0.png  used on input line 238.
(pdftex.def)             Requested size: 147.50256pt x 128.60854pt.
<outputs/classification/ls/best/train/surface_hidden_l1_n1.png, id=137, 489.027
pt x 426.393pt>
File: outputs/classification/ls/best/train/surface_hidden_l1_n1.png Graphic fil
e (type png)
<use outputs/classification/ls/best/train/surface_hidden_l1_n1.png>
Package pdftex.def Info: outputs/classification/ls/best/train/surface_hidden_l1
_n1.png  used on input line 243.
(pdftex.def)             Requested size: 147.50256pt x 128.60854pt.
<outputs/classification/ls/best/val/surface_hidden_l1_n1.png, id=138, 489.027pt
 x 426.393pt>
File: outputs/classification/ls/best/val/surface_hidden_l1_n1.png Graphic file 
(type png)
<use outputs/classification/ls/best/val/surface_hidden_l1_n1.png>
Package pdftex.def Info: outputs/classification/ls/best/val/surface_hidden_l1_n
1.png  used on input line 247.
(pdftex.def)             Requested size: 147.50256pt x 128.60854pt.
<outputs/classification/ls/best/test/surface_hidden_l1_n1.png, id=139, 489.027p
t x 426.393pt>
File: outputs/classification/ls/best/test/surface_hidden_l1_n1.png Graphic file
 (type png)
<use outputs/classification/ls/best/test/surface_hidden_l1_n1.png>
Package pdftex.def Info: outputs/classification/ls/best/test/surface_hidden_l1_
n1.png  used on input line 251.
(pdftex.def)             Requested size: 147.50256pt x 128.60854pt.
<outputs/classification/ls/best/train/surface_output_l2_n0.png, id=140, 489.027
pt x 426.393pt>
File: outputs/classification/ls/best/train/surface_output_l2_n0.png Graphic fil
e (type png)
<use outputs/classification/ls/best/train/surface_output_l2_n0.png>
Package pdftex.def Info: outputs/classification/ls/best/train/surface_output_l2
_n0.png  used on input line 256.
(pdftex.def)             Requested size: 147.50256pt x 128.60854pt.
<outputs/classification/ls/best/val/surface_output_l2_n0.png, id=141, 489.027pt
 x 426.393pt>
File: outputs/classification/ls/best/val/surface_output_l2_n0.png Graphic file 
(type png)
<use outputs/classification/ls/best/val/surface_output_l2_n0.png>
Package pdftex.def Info: outputs/classification/ls/best/val/surface_output_l2_n
0.png  used on input line 260.
(pdftex.def)             Requested size: 147.50256pt x 128.60854pt.
<outputs/classification/ls/best/test/surface_output_l2_n0.png, id=142, 489.027p
t x 426.393pt>
File: outputs/classification/ls/best/test/surface_output_l2_n0.png Graphic file
 (type png)
<use outputs/classification/ls/best/test/surface_output_l2_n0.png>
Package pdftex.def Info: outputs/classification/ls/best/test/surface_output_l2_
n0.png  used on input line 264.
(pdftex.def)             Requested size: 147.50256pt x 128.60854pt.
<outputs/classification/ls/best/train/surface_output_l2_n1.png, id=143, 489.027
pt x 426.393pt>
File: outputs/classification/ls/best/train/surface_output_l2_n1.png Graphic fil
e (type png)
<use outputs/classification/ls/best/train/surface_output_l2_n1.png>
Package pdftex.def Info: outputs/classification/ls/best/train/surface_output_l2
_n1.png  used on input line 269.
(pdftex.def)             Requested size: 147.50256pt x 128.60854pt.
<outputs/classification/ls/best/val/surface_output_l2_n1.png, id=144, 489.027pt
 x 426.393pt>
File: outputs/classification/ls/best/val/surface_output_l2_n1.png Graphic file 
(type png)
<use outputs/classification/ls/best/val/surface_output_l2_n1.png>
Package pdftex.def Info: outputs/classification/ls/best/val/surface_output_l2_n
1.png  used on input line 273.
(pdftex.def)             Requested size: 147.50256pt x 128.60854pt.
<outputs/classification/ls/best/test/surface_output_l2_n1.png, id=145, 489.027p
t x 426.393pt>
File: outputs/classification/ls/best/test/surface_output_l2_n1.png Graphic file
 (type png)
<use outputs/classification/ls/best/test/surface_output_l2_n1.png>
Package pdftex.def Info: outputs/classification/ls/best/test/surface_output_l2_
n1.png  used on input line 277.
(pdftex.def)             Requested size: 147.50256pt x 128.60854pt.

[5 <./outputs/classification/ls/best/decision_regions_train.png> <./outputs/cla
ssification/ls/best/cm_test.png>]
<outputs/classification/ls/best/train/surface_output_l2_n2.png, id=155, 489.027
pt x 426.393pt>
File: outputs/classification/ls/best/train/surface_output_l2_n2.png Graphic fil
e (type png)
<use outputs/classification/ls/best/train/surface_output_l2_n2.png>
Package pdftex.def Info: outputs/classification/ls/best/train/surface_output_l2
_n2.png  used on input line 287.
(pdftex.def)             Requested size: 147.50256pt x 128.60854pt.
<outputs/classification/ls/best/val/surface_output_l2_n2.png, id=156, 489.027pt
 x 426.393pt>
File: outputs/classification/ls/best/val/surface_output_l2_n2.png Graphic file 
(type png)
<use outputs/classification/ls/best/val/surface_output_l2_n2.png>
Package pdftex.def Info: outputs/classification/ls/best/val/surface_output_l2_n
2.png  used on input line 291.
(pdftex.def)             Requested size: 147.50256pt x 128.60854pt.
<outputs/classification/ls/best/test/surface_output_l2_n2.png, id=157, 489.027p
t x 426.393pt>
File: outputs/classification/ls/best/test/surface_output_l2_n2.png Graphic file
 (type png)
<use outputs/classification/ls/best/test/surface_output_l2_n2.png>
Package pdftex.def Info: outputs/classification/ls/best/test/surface_output_l2_
n2.png  used on input line 295.
(pdftex.def)             Requested size: 147.50256pt x 128.60854pt.
 [6 <./outputs/classification/ls/best/train/surface_hidden_l1_n0.png> <./output
s/classification/ls/best/val/surface_hidden_l1_n0.png> <./outputs/classificatio
n/ls/best/test/surface_hidden_l1_n0.png> <./outputs/classification/ls/best/trai
n/surface_hidden_l1_n1.png> <./outputs/classification/ls/best/val/surface_hidde
n_l1_n1.png> <./outputs/classification/ls/best/test/surface_hidden_l1_n1.png> <
./outputs/classification/ls/best/train/surface_output_l2_n0.png> <./outputs/cla
ssification/ls/best/val/surface_output_l2_n0.png> <./outputs/classification/ls/
best/test/surface_output_l2_n0.png> <./outputs/classification/ls/best/train/sur
face_output_l2_n1.png> <./outputs/classification/ls/best/val/surface_output_l2_
n1.png> <./outputs/classification/ls/best/test/surface_output_l2_n1.png>] [7 <.
/outputs/classification/ls/best/train/surface_output_l2_n2.png> <./outputs/clas
sification/ls/best/val/surface_output_l2_n2.png> <./outputs/classification/ls/b
est/test/surface_output_l2_n2.png>]
<outputs/classification/nls/h16/error_curve.png, id=199, 571.3345pt x 338.866pt
>
File: outputs/classification/nls/h16/error_curve.png Graphic file (type png)
<use outputs/classification/nls/h16/error_curve.png>
Package pdftex.def Info: outputs/classification/nls/h16/error_curve.png  used o
n input line 423.
(pdftex.def)             Requested size: 299.60493pt x 177.70564pt.
 [8]
<outputs/classification/nls/best/decision_regions_train.png, id=208, 571.3345pt
 x 425.59pt>
File: outputs/classification/nls/best/decision_regions_train.png Graphic file (
type png)
<use outputs/classification/nls/best/decision_regions_train.png>
Package pdftex.def Info: outputs/classification/nls/best/decision_regions_train
.png  used on input line 432.
(pdftex.def)             Requested size: 276.5638pt x 206.01476pt.
<outputs/classification/nls/best/cm_test.png, id=209, 421.1735pt x 345.29pt>
File: outputs/classification/nls/best/cm_test.png Graphic file (type png)
<use outputs/classification/nls/best/cm_test.png>
Package pdftex.def Info: outputs/classification/nls/best/cm_test.png  used on i
nput line 439.
(pdftex.def)             Requested size: 230.4675pt x 188.94063pt.

[9 <./outputs/classification/nls/h16/error_curve.png> <./outputs/classification
/nls/best/decision_regions_train.png>]
<outputs/classification/nls/best/train/surface_hidden_l1_n0.png, id=220, 489.02
7pt x 426.393pt>
File: outputs/classification/nls/best/train/surface_hidden_l1_n0.png Graphic fi
le (type png)
<use outputs/classification/nls/best/train/surface_hidden_l1_n0.png>
Package pdftex.def Info: outputs/classification/nls/best/train/surface_hidden_l
1_n0.png  used on input line 449.
(pdftex.def)             Requested size: 147.50256pt x 128.60854pt.
<outputs/classification/nls/best/val/surface_hidden_l1_n0.png, id=221, 489.027p
t x 426.393pt>
File: outputs/classification/nls/best/val/surface_hidden_l1_n0.png Graphic file
 (type png)
<use outputs/classification/nls/best/val/surface_hidden_l1_n0.png>
Package pdftex.def Info: outputs/classification/nls/best/val/surface_hidden_l1_
n0.png  used on input line 453.
(pdftex.def)             Requested size: 147.50256pt x 128.60854pt.
<outputs/classification/nls/best/test/surface_hidden_l1_n0.png, id=222, 489.027
pt x 426.393pt>
File: outputs/classification/nls/best/test/surface_hidden_l1_n0.png Graphic fil
e (type png)
<use outputs/classification/nls/best/test/surface_hidden_l1_n0.png>
Package pdftex.def Info: outputs/classification/nls/best/test/surface_hidden_l1
_n0.png  used on input line 457.
(pdftex.def)             Requested size: 147.50256pt x 128.60854pt.
<outputs/classification/nls/best/train/surface_hidden_l1_n1.png, id=223, 489.02
7pt x 426.393pt>
File: outputs/classification/nls/best/train/surface_hidden_l1_n1.png Graphic fi
le (type png)
<use outputs/classification/nls/best/train/surface_hidden_l1_n1.png>
Package pdftex.def Info: outputs/classification/nls/best/train/surface_hidden_l
1_n1.png  used on input line 462.
(pdftex.def)             Requested size: 147.50256pt x 128.60854pt.
<outputs/classification/nls/best/val/surface_hidden_l1_n1.png, id=224, 489.027p
t x 426.393pt>
File: outputs/classification/nls/best/val/surface_hidden_l1_n1.png Graphic file
 (type png)
<use outputs/classification/nls/best/val/surface_hidden_l1_n1.png>
Package pdftex.def Info: outputs/classification/nls/best/val/surface_hidden_l1_
n1.png  used on input line 466.
(pdftex.def)             Requested size: 147.50256pt x 128.60854pt.
<outputs/classification/nls/best/test/surface_hidden_l1_n1.png, id=225, 489.027
pt x 426.393pt>
File: outputs/classification/nls/best/test/surface_hidden_l1_n1.png Graphic fil
e (type png)
<use outputs/classification/nls/best/test/surface_hidden_l1_n1.png>
Package pdftex.def Info: outputs/classification/nls/best/test/surface_hidden_l1
_n1.png  used on input line 470.
(pdftex.def)             Requested size: 147.50256pt x 128.60854pt.
<outputs/classification/nls/best/train/surface_hidden_l1_n2.png, id=226, 489.02
7pt x 426.393pt>
File: outputs/classification/nls/best/train/surface_hidden_l1_n2.png Graphic fi
le (type png)
<use outputs/classification/nls/best/train/surface_hidden_l1_n2.png>
Package pdftex.def Info: outputs/classification/nls/best/train/surface_hidden_l
1_n2.png  used on input line 475.
(pdftex.def)             Requested size: 147.50256pt x 128.60854pt.
<outputs/classification/nls/best/val/surface_hidden_l1_n2.png, id=227, 489.027p
t x 426.393pt>
File: outputs/classification/nls/best/val/surface_hidden_l1_n2.png Graphic file
 (type png)
<use outputs/classification/nls/best/val/surface_hidden_l1_n2.png>
Package pdftex.def Info: outputs/classification/nls/best/val/surface_hidden_l1_
n2.png  used on input line 479.
(pdftex.def)             Requested size: 147.50256pt x 128.60854pt.
<outputs/classification/nls/best/test/surface_hidden_l1_n2.png, id=228, 489.027
pt x 426.393pt>
File: outputs/classification/nls/best/test/surface_hidden_l1_n2.png Graphic fil
e (type png)
<use outputs/classification/nls/best/test/surface_hidden_l1_n2.png>
Package pdftex.def Info: outputs/classification/nls/best/test/surface_hidden_l1
_n2.png  used on input line 483.
(pdftex.def)             Requested size: 147.50256pt x 128.60854pt.
<outputs/classification/nls/best/train/surface_hidden_l1_n3.png, id=229, 489.02
7pt x 426.393pt>
File: outputs/classification/nls/best/train/surface_hidden_l1_n3.png Graphic fi
le (type png)
<use outputs/classification/nls/best/train/surface_hidden_l1_n3.png>
Package pdftex.def Info: outputs/classification/nls/best/train/surface_hidden_l
1_n3.png  used on input line 488.
(pdftex.def)             Requested size: 147.50256pt x 128.60854pt.
<outputs/classification/nls/best/val/surface_hidden_l1_n3.png, id=230, 489.027p
t x 426.393pt>
File: outputs/classification/nls/best/val/surface_hidden_l1_n3.png Graphic file
 (type png)
<use outputs/classification/nls/best/val/surface_hidden_l1_n3.png>
Package pdftex.def Info: outputs/classification/nls/best/val/surface_hidden_l1_
n3.png  used on input line 492.
(pdftex.def)             Requested size: 147.50256pt x 128.60854pt.
<outputs/classification/nls/best/test/surface_hidden_l1_n3.png, id=231, 489.027
pt x 426.393pt>
File: outputs/classification/nls/best/test/surface_hidden_l1_n3.png Graphic fil
e (type png)
<use outputs/classification/nls/best/test/surface_hidden_l1_n3.png>
Package pdftex.def Info: outputs/classification/nls/best/test/surface_hidden_l1
_n3.png  used on input line 496.
(pdftex.def)             Requested size: 147.50256pt x 128.60854pt.
 [10 <./outputs/classification/nls/best/cm_test.png>]
<outputs/classification/nls/best/train/surface_hidden_l1_n4.png, id=238, 489.02
7pt x 426.393pt>
File: outputs/classification/nls/best/train/surface_hidden_l1_n4.png Graphic fi
le (type png)
<use outputs/classification/nls/best/train/surface_hidden_l1_n4.png>
Package pdftex.def Info: outputs/classification/nls/best/train/surface_hidden_l
1_n4.png  used on input line 506.
(pdftex.def)             Requested size: 147.50256pt x 128.60854pt.
<outputs/classification/nls/best/val/surface_hidden_l1_n4.png, id=239, 489.027p
t x 426.393pt>
File: outputs/classification/nls/best/val/surface_hidden_l1_n4.png Graphic file
 (type png)
<use outputs/classification/nls/best/val/surface_hidden_l1_n4.png>
Package pdftex.def Info: outputs/classification/nls/best/val/surface_hidden_l1_
n4.png  used on input line 510.
(pdftex.def)             Requested size: 147.50256pt x 128.60854pt.
<outputs/classification/nls/best/test/surface_hidden_l1_n4.png, id=240, 489.027
pt x 426.393pt>
File: outputs/classification/nls/best/test/surface_hidden_l1_n4.png Graphic fil
e (type png)
<use outputs/classification/nls/best/test/surface_hidden_l1_n4.png>
Package pdftex.def Info: outputs/classification/nls/best/test/surface_hidden_l1
_n4.png  used on input line 514.
(pdftex.def)             Requested size: 147.50256pt x 128.60854pt.
<outputs/classification/nls/best/train/surface_hidden_l1_n5.png, id=241, 489.02
7pt x 426.393pt>
File: outputs/classification/nls/best/train/surface_hidden_l1_n5.png Graphic fi
le (type png)
<use outputs/classification/nls/best/train/surface_hidden_l1_n5.png>
Package pdftex.def Info: outputs/classification/nls/best/train/surface_hidden_l
1_n5.png  used on input line 519.
(pdftex.def)             Requested size: 147.50256pt x 128.60854pt.
<outputs/classification/nls/best/val/surface_hidden_l1_n5.png, id=242, 489.027p
t x 426.393pt>
File: outputs/classification/nls/best/val/surface_hidden_l1_n5.png Graphic file
 (type png)
<use outputs/classification/nls/best/val/surface_hidden_l1_n5.png>
Package pdftex.def Info: outputs/classification/nls/best/val/surface_hidden_l1_
n5.png  used on input line 523.
(pdftex.def)             Requested size: 147.50256pt x 128.60854pt.
<outputs/classification/nls/best/test/surface_hidden_l1_n5.png, id=243, 489.027
pt x 426.393pt>
File: outputs/classification/nls/best/test/surface_hidden_l1_n5.png Graphic fil
e (type png)
<use outputs/classification/nls/best/test/surface_hidden_l1_n5.png>
Package pdftex.def Info: outputs/classification/nls/best/test/surface_hidden_l1
_n5.png  used on input line 527.
(pdftex.def)             Requested size: 147.50256pt x 128.60854pt.
<outputs/classification/nls/best/train/surface_hidden_l1_n6.png, id=244, 489.02
7pt x 426.393pt>
File: outputs/classification/nls/best/train/surface_hidden_l1_n6.png Graphic fi
le (type png)
<use outputs/classification/nls/best/train/surface_hidden_l1_n6.png>
Package pdftex.def Info: outputs/classification/nls/best/train/surface_hidden_l
1_n6.png  used on input line 532.
(pdftex.def)             Requested size: 147.50256pt x 128.60854pt.
<outputs/classification/nls/best/val/surface_hidden_l1_n6.png, id=245, 489.027p
t x 426.393pt>
File: outputs/classification/nls/best/val/surface_hidden_l1_n6.png Graphic file
 (type png)
<use outputs/classification/nls/best/val/surface_hidden_l1_n6.png>
Package pdftex.def Info: outputs/classification/nls/best/val/surface_hidden_l1_
n6.png  used on input line 536.
(pdftex.def)             Requested size: 147.50256pt x 128.60854pt.
<outputs/classification/nls/best/test/surface_hidden_l1_n6.png, id=246, 489.027
pt x 426.393pt>
File: outputs/classification/nls/best/test/surface_hidden_l1_n6.png Graphic fil
e (type png)
<use outputs/classification/nls/best/test/surface_hidden_l1_n6.png>
Package pdftex.def Info: outputs/classification/nls/best/test/surface_hidden_l1
_n6.png  used on input line 540.
(pdftex.def)             Requested size: 147.50256pt x 128.60854pt.
<outputs/classification/nls/best/train/surface_hidden_l1_n7.png, id=247, 489.02
7pt x 426.393pt>
File: outputs/classification/nls/best/train/surface_hidden_l1_n7.png Graphic fi
le (type png)
<use outputs/classification/nls/best/train/surface_hidden_l1_n7.png>
Package pdftex.def Info: outputs/classification/nls/best/train/surface_hidden_l
1_n7.png  used on input line 545.
(pdftex.def)             Requested size: 147.50256pt x 128.60854pt.
<outputs/classification/nls/best/val/surface_hidden_l1_n7.png, id=248, 489.027p
t x 426.393pt>
File: outputs/classification/nls/best/val/surface_hidden_l1_n7.png Graphic file
 (type png)
<use outputs/classification/nls/best/val/surface_hidden_l1_n7.png>
Package pdftex.def Info: outputs/classification/nls/best/val/surface_hidden_l1_
n7.png  used on input line 549.
(pdftex.def)             Requested size: 147.50256pt x 128.60854pt.
<outputs/classification/nls/best/test/surface_hidden_l1_n7.png, id=249, 489.027
pt x 426.393pt>
File: outputs/classification/nls/best/test/surface_hidden_l1_n7.png Graphic fil
e (type png)
<use outputs/classification/nls/best/test/surface_hidden_l1_n7.png>
Package pdftex.def Info: outputs/classification/nls/best/test/surface_hidden_l1
_n7.png  used on input line 553.
(pdftex.def)             Requested size: 147.50256pt x 128.60854pt.
 [11 <./outputs/classification/nls/best/train/surface_hidden_l1_n0.png> <./outp
uts/classification/nls/best/val/surface_hidden_l1_n0.png> <./outputs/classifica
tion/nls/best/test/surface_hidden_l1_n0.png> <./outputs/classification/nls/best
/train/surface_hidden_l1_n1.png> <./outputs/classification/nls/best/val/surface
_hidden_l1_n1.png> <./outputs/classification/nls/best/test/surface_hidden_l1_n1
.png> <./outputs/classification/nls/best/train/surface_hidden_l1_n2.png> <./out
puts/classification/nls/best/val/surface_hidden_l1_n2.png> <./outputs/classific
ation/nls/best/test/surface_hidden_l1_n2.png> <./outputs/classification/nls/bes
t/train/surface_hidden_l1_n3.png> <./outputs/classification/nls/best/val/surfac
e_hidden_l1_n3.png> <./outputs/classification/nls/best/test/surface_hidden_l1_n
3.png>]
<outputs/classification/nls/best/train/surface_hidden_l1_n8.png, id=268, 489.02
7pt x 426.393pt>
File: outputs/classification/nls/best/train/surface_hidden_l1_n8.png Graphic fi
le (type png)
<use outputs/classification/nls/best/train/surface_hidden_l1_n8.png>
Package pdftex.def Info: outputs/classification/nls/best/train/surface_hidden_l
1_n8.png  used on input line 563.
(pdftex.def)             Requested size: 147.50256pt x 128.60854pt.
<outputs/classification/nls/best/val/surface_hidden_l1_n8.png, id=269, 489.027p
t x 426.393pt>
File: outputs/classification/nls/best/val/surface_hidden_l1_n8.png Graphic file
 (type png)
<use outputs/classification/nls/best/val/surface_hidden_l1_n8.png>
Package pdftex.def Info: outputs/classification/nls/best/val/surface_hidden_l1_
n8.png  used on input line 567.
(pdftex.def)             Requested size: 147.50256pt x 128.60854pt.
<outputs/classification/nls/best/test/surface_hidden_l1_n8.png, id=270, 489.027
pt x 426.393pt>
File: outputs/classification/nls/best/test/surface_hidden_l1_n8.png Graphic fil
e (type png)
<use outputs/classification/nls/best/test/surface_hidden_l1_n8.png>
Package pdftex.def Info: outputs/classification/nls/best/test/surface_hidden_l1
_n8.png  used on input line 571.
(pdftex.def)             Requested size: 147.50256pt x 128.60854pt.
<outputs/classification/nls/best/train/surface_hidden_l1_n9.png, id=271, 489.02
7pt x 426.393pt>
File: outputs/classification/nls/best/train/surface_hidden_l1_n9.png Graphic fi
le (type png)
<use outputs/classification/nls/best/train/surface_hidden_l1_n9.png>
Package pdftex.def Info: outputs/classification/nls/best/train/surface_hidden_l
1_n9.png  used on input line 576.
(pdftex.def)             Requested size: 147.50256pt x 128.60854pt.
<outputs/classification/nls/best/val/surface_hidden_l1_n9.png, id=272, 489.027p
t x 426.393pt>
File: outputs/classification/nls/best/val/surface_hidden_l1_n9.png Graphic file
 (type png)
<use outputs/classification/nls/best/val/surface_hidden_l1_n9.png>
Package pdftex.def Info: outputs/classification/nls/best/val/surface_hidden_l1_
n9.png  used on input line 580.
(pdftex.def)             Requested size: 147.50256pt x 128.60854pt.
<outputs/classification/nls/best/test/surface_hidden_l1_n9.png, id=273, 489.027
pt x 426.393pt>
File: outputs/classification/nls/best/test/surface_hidden_l1_n9.png Graphic fil
e (type png)
<use outputs/classification/nls/best/test/surface_hidden_l1_n9.png>
Package pdftex.def Info: outputs/classification/nls/best/test/surface_hidden_l1
_n9.png  used on input line 584.
(pdftex.def)             Requested size: 147.50256pt x 128.60854pt.
<outputs/classification/nls/best/train/surface_hidden_l1_n10.png, id=274, 489.0
27pt x 426.393pt>
File: outputs/classification/nls/best/train/surface_hidden_l1_n10.png Graphic f
ile (type png)
<use outputs/classification/nls/best/train/surface_hidden_l1_n10.png>
Package pdftex.def Info: outputs/classification/nls/best/train/surface_hidden_l
1_n10.png  used on input line 589.
(pdftex.def)             Requested size: 147.50256pt x 128.60854pt.
<outputs/classification/nls/best/val/surface_hidden_l1_n10.png, id=275, 489.027
pt x 426.393pt>
File: outputs/classification/nls/best/val/surface_hidden_l1_n10.png Graphic fil
e (type png)
<use outputs/classification/nls/best/val/surface_hidden_l1_n10.png>
Package pdftex.def Info: outputs/classification/nls/best/val/surface_hidden_l1_
n10.png  used on input line 593.
(pdftex.def)             Requested size: 147.50256pt x 128.60854pt.
<outputs/classification/nls/best/test/surface_hidden_l1_n10.png, id=276, 489.02
7pt x 426.393pt>
File: outputs/classification/nls/best/test/surface_hidden_l1_n10.png Graphic fi
le (type png)
<use outputs/classification/nls/best/test/surface_hidden_l1_n10.png>
Package pdftex.def Info: outputs/classification/nls/best/test/surface_hidden_l1
_n10.png  used on input line 597.
(pdftex.def)             Requested size: 147.50256pt x 128.60854pt.
<outputs/classification/nls/best/train/surface_hidden_l1_n11.png, id=277, 489.0
27pt x 426.393pt>
File: outputs/classification/nls/best/train/surface_hidden_l1_n11.png Graphic f
ile (type png)
<use outputs/classification/nls/best/train/surface_hidden_l1_n11.png>
Package pdftex.def Info: outputs/classification/nls/best/train/surface_hidden_l
1_n11.png  used on input line 602.
(pdftex.def)             Requested size: 147.50256pt x 128.60854pt.
<outputs/classification/nls/best/val/surface_hidden_l1_n11.png, id=278, 489.027
pt x 426.393pt>
File: outputs/classification/nls/best/val/surface_hidden_l1_n11.png Graphic fil
e (type png)
<use outputs/classification/nls/best/val/surface_hidden_l1_n11.png>
Package pdftex.def Info: outputs/classification/nls/best/val/surface_hidden_l1_
n11.png  used on input line 606.
(pdftex.def)             Requested size: 147.50256pt x 128.60854pt.
<outputs/classification/nls/best/test/surface_hidden_l1_n11.png, id=279, 489.02
7pt x 426.393pt>
File: outputs/classification/nls/best/test/surface_hidden_l1_n11.png Graphic fi
le (type png)
<use outputs/classification/nls/best/test/surface_hidden_l1_n11.png>
Package pdftex.def Info: outputs/classification/nls/best/test/surface_hidden_l1
_n11.png  used on input line 610.
(pdftex.def)             Requested size: 147.50256pt x 128.60854pt.
 [12 <./outputs/classification/nls/best/train/surface_hidden_l1_n4.png> <./outp
uts/classification/nls/best/val/surface_hidden_l1_n4.png> <./outputs/classifica
tion/nls/best/test/surface_hidden_l1_n4.png> <./outputs/classification/nls/best
/train/surface_hidden_l1_n5.png> <./outputs/classification/nls/best/val/surface
_hidden_l1_n5.png> <./outputs/classification/nls/best/test/surface_hidden_l1_n5
.png> <./outputs/classification/nls/best/train/surface_hidden_l1_n6.png> <./out
puts/classification/nls/best/val/surface_hidden_l1_n6.png> <./outputs/classific
ation/nls/best/test/surface_hidden_l1_n6.png> <./outputs/classification/nls/bes
t/train/surface_hidden_l1_n7.png> <./outputs/classification/nls/best/val/surfac
e_hidden_l1_n7.png> <./outputs/classification/nls/best/test/surface_hidden_l1_n
7.png>]
<outputs/classification/nls/best/train/surface_hidden_l1_n12.png, id=297, 489.0
27pt x 426.393pt>
File: outputs/classification/nls/best/train/surface_hidden_l1_n12.png Graphic f
ile (type png)
<use outputs/classification/nls/best/train/surface_hidden_l1_n12.png>
Package pdftex.def Info: outputs/classification/nls/best/train/surface_hidden_l
1_n12.png  used on input line 620.
(pdftex.def)             Requested size: 147.50256pt x 128.60854pt.
<outputs/classification/nls/best/val/surface_hidden_l1_n12.png, id=298, 489.027
pt x 426.393pt>
File: outputs/classification/nls/best/val/surface_hidden_l1_n12.png Graphic fil
e (type png)
<use outputs/classification/nls/best/val/surface_hidden_l1_n12.png>
Package pdftex.def Info: outputs/classification/nls/best/val/surface_hidden_l1_
n12.png  used on input line 624.
(pdftex.def)             Requested size: 147.50256pt x 128.60854pt.
<outputs/classification/nls/best/test/surface_hidden_l1_n12.png, id=299, 489.02
7pt x 426.393pt>
File: outputs/classification/nls/best/test/surface_hidden_l1_n12.png Graphic fi
le (type png)
<use outputs/classification/nls/best/test/surface_hidden_l1_n12.png>
Package pdftex.def Info: outputs/classification/nls/best/test/surface_hidden_l1
_n12.png  used on input line 628.
(pdftex.def)             Requested size: 147.50256pt x 128.60854pt.
<outputs/classification/nls/best/train/surface_hidden_l1_n13.png, id=300, 489.0
27pt x 426.393pt>
File: outputs/classification/nls/best/train/surface_hidden_l1_n13.png Graphic f
ile (type png)
<use outputs/classification/nls/best/train/surface_hidden_l1_n13.png>
Package pdftex.def Info: outputs/classification/nls/best/train/surface_hidden_l
1_n13.png  used on input line 633.
(pdftex.def)             Requested size: 147.50256pt x 128.60854pt.
<outputs/classification/nls/best/val/surface_hidden_l1_n13.png, id=301, 489.027
pt x 426.393pt>
File: outputs/classification/nls/best/val/surface_hidden_l1_n13.png Graphic fil
e (type png)
<use outputs/classification/nls/best/val/surface_hidden_l1_n13.png>
Package pdftex.def Info: outputs/classification/nls/best/val/surface_hidden_l1_
n13.png  used on input line 637.
(pdftex.def)             Requested size: 147.50256pt x 128.60854pt.
<outputs/classification/nls/best/test/surface_hidden_l1_n13.png, id=302, 489.02
7pt x 426.393pt>
File: outputs/classification/nls/best/test/surface_hidden_l1_n13.png Graphic fi
le (type png)
<use outputs/classification/nls/best/test/surface_hidden_l1_n13.png>
Package pdftex.def Info: outputs/classification/nls/best/test/surface_hidden_l1
_n13.png  used on input line 641.
(pdftex.def)             Requested size: 147.50256pt x 128.60854pt.
<outputs/classification/nls/best/train/surface_hidden_l1_n14.png, id=303, 489.0
27pt x 426.393pt>
File: outputs/classification/nls/best/train/surface_hidden_l1_n14.png Graphic f
ile (type png)
<use outputs/classification/nls/best/train/surface_hidden_l1_n14.png>
Package pdftex.def Info: outputs/classification/nls/best/train/surface_hidden_l
1_n14.png  used on input line 646.
(pdftex.def)             Requested size: 147.50256pt x 128.60854pt.
<outputs/classification/nls/best/val/surface_hidden_l1_n14.png, id=304, 489.027
pt x 426.393pt>
File: outputs/classification/nls/best/val/surface_hidden_l1_n14.png Graphic fil
e (type png)
<use outputs/classification/nls/best/val/surface_hidden_l1_n14.png>
Package pdftex.def Info: outputs/classification/nls/best/val/surface_hidden_l1_
n14.png  used on input line 650.
(pdftex.def)             Requested size: 147.50256pt x 128.60854pt.
<outputs/classification/nls/best/test/surface_hidden_l1_n14.png, id=305, 489.02
7pt x 426.393pt>
File: outputs/classification/nls/best/test/surface_hidden_l1_n14.png Graphic fi
le (type png)
<use outputs/classification/nls/best/test/surface_hidden_l1_n14.png>
Package pdftex.def Info: outputs/classification/nls/best/test/surface_hidden_l1
_n14.png  used on input line 654.
(pdftex.def)             Requested size: 147.50256pt x 128.60854pt.
<outputs/classification/nls/best/train/surface_hidden_l1_n15.png, id=306, 489.0
27pt x 426.393pt>
File: outputs/classification/nls/best/train/surface_hidden_l1_n15.png Graphic f
ile (type png)
<use outputs/classification/nls/best/train/surface_hidden_l1_n15.png>
Package pdftex.def Info: outputs/classification/nls/best/train/surface_hidden_l
1_n15.png  used on input line 659.
(pdftex.def)             Requested size: 147.50256pt x 128.60854pt.
<outputs/classification/nls/best/val/surface_hidden_l1_n15.png, id=307, 489.027
pt x 426.393pt>
File: outputs/classification/nls/best/val/surface_hidden_l1_n15.png Graphic fil
e (type png)
<use outputs/classification/nls/best/val/surface_hidden_l1_n15.png>
Package pdftex.def Info: outputs/classification/nls/best/val/surface_hidden_l1_
n15.png  used on input line 663.
(pdftex.def)             Requested size: 147.50256pt x 128.60854pt.
<outputs/classification/nls/best/test/surface_hidden_l1_n15.png, id=308, 489.02
7pt x 426.393pt>
File: outputs/classification/nls/best/test/surface_hidden_l1_n15.png Graphic fi
le (type png)
<use outputs/classification/nls/best/test/surface_hidden_l1_n15.png>
Package pdftex.def Info: outputs/classification/nls/best/test/surface_hidden_l1
_n15.png  used on input line 667.
(pdftex.def)             Requested size: 147.50256pt x 128.60854pt.
 [13 <./outputs/classification/nls/best/train/surface_hidden_l1_n8.png> <./outp
uts/classification/nls/best/val/surface_hidden_l1_n8.png> <./outputs/classifica
tion/nls/best/test/surface_hidden_l1_n8.png> <./outputs/classification/nls/best
/train/surface_hidden_l1_n9.png> <./outputs/classification/nls/best/val/surface
_hidden_l1_n9.png> <./outputs/classification/nls/best/test/surface_hidden_l1_n9
.png> <./outputs/classification/nls/best/train/surface_hidden_l1_n10.png> <./ou
tputs/classification/nls/best/val/surface_hidden_l1_n10.png> <./outputs/classif
ication/nls/best/test/surface_hidden_l1_n10.png> <./outputs/classification/nls/
best/train/surface_hidden_l1_n11.png> <./outputs/classification/nls/best/val/su
rface_hidden_l1_n11.png> <./outputs/classification/nls/best/test/surface_hidden
_l1_n11.png>]
<outputs/classification/nls/best/train/surface_hidden_l2_n0.png, id=327, 489.02
7pt x 426.393pt>
File: outputs/classification/nls/best/train/surface_hidden_l2_n0.png Graphic fi
le (type png)
<use outputs/classification/nls/best/train/surface_hidden_l2_n0.png>
Package pdftex.def Info: outputs/classification/nls/best/train/surface_hidden_l
2_n0.png  used on input line 677.
(pdftex.def)             Requested size: 147.50256pt x 128.60854pt.
<outputs/classification/nls/best/val/surface_hidden_l2_n0.png, id=328, 489.027p
t x 426.393pt>
File: outputs/classification/nls/best/val/surface_hidden_l2_n0.png Graphic file
 (type png)
<use outputs/classification/nls/best/val/surface_hidden_l2_n0.png>
Package pdftex.def Info: outputs/classification/nls/best/val/surface_hidden_l2_
n0.png  used on input line 681.
(pdftex.def)             Requested size: 147.50256pt x 128.60854pt.
<outputs/classification/nls/best/test/surface_hidden_l2_n0.png, id=329, 489.027
pt x 426.393pt>
File: outputs/classification/nls/best/test/surface_hidden_l2_n0.png Graphic fil
e (type png)
<use outputs/classification/nls/best/test/surface_hidden_l2_n0.png>
Package pdftex.def Info: outputs/classification/nls/best/test/surface_hidden_l2
_n0.png  used on input line 685.
(pdftex.def)             Requested size: 147.50256pt x 128.60854pt.
<outputs/classification/nls/best/train/surface_hidden_l2_n1.png, id=330, 489.02
7pt x 426.393pt>
File: outputs/classification/nls/best/train/surface_hidden_l2_n1.png Graphic fi
le (type png)
<use outputs/classification/nls/best/train/surface_hidden_l2_n1.png>
Package pdftex.def Info: outputs/classification/nls/best/train/surface_hidden_l
2_n1.png  used on input line 690.
(pdftex.def)             Requested size: 147.50256pt x 128.60854pt.
<outputs/classification/nls/best/val/surface_hidden_l2_n1.png, id=331, 489.027p
t x 426.393pt>
File: outputs/classification/nls/best/val/surface_hidden_l2_n1.png Graphic file
 (type png)
<use outputs/classification/nls/best/val/surface_hidden_l2_n1.png>
Package pdftex.def Info: outputs/classification/nls/best/val/surface_hidden_l2_
n1.png  used on input line 694.
(pdftex.def)             Requested size: 147.50256pt x 128.60854pt.
<outputs/classification/nls/best/test/surface_hidden_l2_n1.png, id=332, 489.027
pt x 426.393pt>
File: outputs/classification/nls/best/test/surface_hidden_l2_n1.png Graphic fil
e (type png)
<use outputs/classification/nls/best/test/surface_hidden_l2_n1.png>
Package pdftex.def Info: outputs/classification/nls/best/test/surface_hidden_l2
_n1.png  used on input line 698.
(pdftex.def)             Requested size: 147.50256pt x 128.60854pt.
<outputs/classification/nls/best/train/surface_hidden_l2_n2.png, id=333, 495.45
1pt x 426.393pt>
File: outputs/classification/nls/best/train/surface_hidden_l2_n2.png Graphic fi
le (type png)
<use outputs/classification/nls/best/train/surface_hidden_l2_n2.png>
Package pdftex.def Info: outputs/classification/nls/best/train/surface_hidden_l
2_n2.png  used on input line 703.
(pdftex.def)             Requested size: 147.50256pt x 126.94295pt.
<outputs/classification/nls/best/val/surface_hidden_l2_n2.png, id=334, 495.451p
t x 426.393pt>
File: outputs/classification/nls/best/val/surface_hidden_l2_n2.png Graphic file
 (type png)
<use outputs/classification/nls/best/val/surface_hidden_l2_n2.png>
Package pdftex.def Info: outputs/classification/nls/best/val/surface_hidden_l2_
n2.png  used on input line 707.
(pdftex.def)             Requested size: 147.50256pt x 126.94295pt.
<outputs/classification/nls/best/test/surface_hidden_l2_n2.png, id=335, 495.451
pt x 426.393pt>
File: outputs/classification/nls/best/test/surface_hidden_l2_n2.png Graphic fil
e (type png)
<use outputs/classification/nls/best/test/surface_hidden_l2_n2.png>
Package pdftex.def Info: outputs/classification/nls/best/test/surface_hidden_l2
_n2.png  used on input line 711.
(pdftex.def)             Requested size: 147.50256pt x 126.94295pt.
<outputs/classification/nls/best/train/surface_hidden_l2_n3.png, id=336, 489.02
7pt x 426.393pt>
File: outputs/classification/nls/best/train/surface_hidden_l2_n3.png Graphic fi
le (type png)
<use outputs/classification/nls/best/train/surface_hidden_l2_n3.png>
Package pdftex.def Info: outputs/classification/nls/best/train/surface_hidden_l
2_n3.png  used on input line 716.
(pdftex.def)             Requested size: 147.50256pt x 128.60854pt.
<outputs/classification/nls/best/val/surface_hidden_l2_n3.png, id=337, 489.027p
t x 426.393pt>
File: outputs/classification/nls/best/val/surface_hidden_l2_n3.png Graphic file
 (type png)
<use outputs/classification/nls/best/val/surface_hidden_l2_n3.png>
Package pdftex.def Info: outputs/classification/nls/best/val/surface_hidden_l2_
n3.png  used on input line 720.
(pdftex.def)             Requested size: 147.50256pt x 128.60854pt.
<outputs/classification/nls/best/test/surface_hidden_l2_n3.png, id=338, 489.027
pt x 426.393pt>
File: outputs/classification/nls/best/test/surface_hidden_l2_n3.png Graphic fil
e (type png)
<use outputs/classification/nls/best/test/surface_hidden_l2_n3.png>
Package pdftex.def Info: outputs/classification/nls/best/test/surface_hidden_l2
_n3.png  used on input line 724.
(pdftex.def)             Requested size: 147.50256pt x 128.60854pt.
 [14 <./outputs/classification/nls/best/train/surface_hidden_l1_n12.png> <./out
puts/classification/nls/best/val/surface_hidden_l1_n12.png> <./outputs/classifi
cation/nls/best/test/surface_hidden_l1_n12.png> <./outputs/classification/nls/b
est/train/surface_hidden_l1_n13.png> <./outputs/classification/nls/best/val/sur
face_hidden_l1_n13.png> <./outputs/classification/nls/best/test/surface_hidden_
l1_n13.png> <./outputs/classification/nls/best/train/surface_hidden_l1_n14.png>
 <./outputs/classification/nls/best/val/surface_hidden_l1_n14.png> <./outputs/c
lassification/nls/best/test/surface_hidden_l1_n14.png> <./outputs/classificatio
n/nls/best/train/surface_hidden_l1_n15.png> <./outputs/classification/nls/best/
val/surface_hidden_l1_n15.png> <./outputs/classification/nls/best/test/surface_
hidden_l1_n15.png>]
<outputs/classification/nls/best/train/surface_hidden_l2_n4.png, id=356, 489.02
7pt x 426.393pt>
File: outputs/classification/nls/best/train/surface_hidden_l2_n4.png Graphic fi
le (type png)
<use outputs/classification/nls/best/train/surface_hidden_l2_n4.png>
Package pdftex.def Info: outputs/classification/nls/best/train/surface_hidden_l
2_n4.png  used on input line 734.
(pdftex.def)             Requested size: 147.50256pt x 128.60854pt.
<outputs/classification/nls/best/val/surface_hidden_l2_n4.png, id=357, 489.027p
t x 426.393pt>
File: outputs/classification/nls/best/val/surface_hidden_l2_n4.png Graphic file
 (type png)
<use outputs/classification/nls/best/val/surface_hidden_l2_n4.png>
Package pdftex.def Info: outputs/classification/nls/best/val/surface_hidden_l2_
n4.png  used on input line 738.
(pdftex.def)             Requested size: 147.50256pt x 128.60854pt.
<outputs/classification/nls/best/test/surface_hidden_l2_n4.png, id=358, 489.027
pt x 426.393pt>
File: outputs/classification/nls/best/test/surface_hidden_l2_n4.png Graphic fil
e (type png)
<use outputs/classification/nls/best/test/surface_hidden_l2_n4.png>
Package pdftex.def Info: outputs/classification/nls/best/test/surface_hidden_l2
_n4.png  used on input line 742.
(pdftex.def)             Requested size: 147.50256pt x 128.60854pt.
<outputs/classification/nls/best/train/surface_hidden_l2_n5.png, id=359, 489.02
7pt x 426.393pt>
File: outputs/classification/nls/best/train/surface_hidden_l2_n5.png Graphic fi
le (type png)
<use outputs/classification/nls/best/train/surface_hidden_l2_n5.png>
Package pdftex.def Info: outputs/classification/nls/best/train/surface_hidden_l
2_n5.png  used on input line 747.
(pdftex.def)             Requested size: 147.50256pt x 128.60854pt.
<outputs/classification/nls/best/val/surface_hidden_l2_n5.png, id=360, 489.027p
t x 426.393pt>
File: outputs/classification/nls/best/val/surface_hidden_l2_n5.png Graphic file
 (type png)
<use outputs/classification/nls/best/val/surface_hidden_l2_n5.png>
Package pdftex.def Info: outputs/classification/nls/best/val/surface_hidden_l2_
n5.png  used on input line 751.
(pdftex.def)             Requested size: 147.50256pt x 128.60854pt.
<outputs/classification/nls/best/test/surface_hidden_l2_n5.png, id=361, 489.027
pt x 426.393pt>
File: outputs/classification/nls/best/test/surface_hidden_l2_n5.png Graphic fil
e (type png)
<use outputs/classification/nls/best/test/surface_hidden_l2_n5.png>
Package pdftex.def Info: outputs/classification/nls/best/test/surface_hidden_l2
_n5.png  used on input line 755.
(pdftex.def)             Requested size: 147.50256pt x 128.60854pt.
<outputs/classification/nls/best/train/surface_hidden_l2_n6.png, id=362, 489.02
7pt x 426.393pt>
File: outputs/classification/nls/best/train/surface_hidden_l2_n6.png Graphic fi
le (type png)
<use outputs/classification/nls/best/train/surface_hidden_l2_n6.png>
Package pdftex.def Info: outputs/classification/nls/best/train/surface_hidden_l
2_n6.png  used on input line 760.
(pdftex.def)             Requested size: 147.50256pt x 128.60854pt.
<outputs/classification/nls/best/val/surface_hidden_l2_n6.png, id=363, 489.027p
t x 426.393pt>
File: outputs/classification/nls/best/val/surface_hidden_l2_n6.png Graphic file
 (type png)
<use outputs/classification/nls/best/val/surface_hidden_l2_n6.png>
Package pdftex.def Info: outputs/classification/nls/best/val/surface_hidden_l2_
n6.png  used on input line 764.
(pdftex.def)             Requested size: 147.50256pt x 128.60854pt.
<outputs/classification/nls/best/test/surface_hidden_l2_n6.png, id=364, 489.027
pt x 426.393pt>
File: outputs/classification/nls/best/test/surface_hidden_l2_n6.png Graphic fil
e (type png)
<use outputs/classification/nls/best/test/surface_hidden_l2_n6.png>
Package pdftex.def Info: outputs/classification/nls/best/test/surface_hidden_l2
_n6.png  used on input line 768.
(pdftex.def)             Requested size: 147.50256pt x 128.60854pt.
<outputs/classification/nls/best/train/surface_hidden_l2_n7.png, id=365, 489.02
7pt x 426.393pt>
File: outputs/classification/nls/best/train/surface_hidden_l2_n7.png Graphic fi
le (type png)
<use outputs/classification/nls/best/train/surface_hidden_l2_n7.png>
Package pdftex.def Info: outputs/classification/nls/best/train/surface_hidden_l
2_n7.png  used on input line 773.
(pdftex.def)             Requested size: 147.50256pt x 128.60854pt.
<outputs/classification/nls/best/val/surface_hidden_l2_n7.png, id=366, 489.027p
t x 426.393pt>
File: outputs/classification/nls/best/val/surface_hidden_l2_n7.png Graphic file
 (type png)
<use outputs/classification/nls/best/val/surface_hidden_l2_n7.png>
Package pdftex.def Info: outputs/classification/nls/best/val/surface_hidden_l2_
n7.png  used on input line 777.
(pdftex.def)             Requested size: 147.50256pt x 128.60854pt.
<outputs/classification/nls/best/test/surface_hidden_l2_n7.png, id=367, 489.027
pt x 426.393pt>
File: outputs/classification/nls/best/test/surface_hidden_l2_n7.png Graphic fil
e (type png)
<use outputs/classification/nls/best/test/surface_hidden_l2_n7.png>
Package pdftex.def Info: outputs/classification/nls/best/test/surface_hidden_l2
_n7.png  used on input line 781.
(pdftex.def)             Requested size: 147.50256pt x 128.60854pt.
 [15 <./outputs/classification/nls/best/train/surface_hidden_l2_n0.png> <./outp
uts/classification/nls/best/val/surface_hidden_l2_n0.png> <./outputs/classifica
tion/nls/best/test/surface_hidden_l2_n0.png> <./outputs/classification/nls/best
/train/surface_hidden_l2_n1.png> <./outputs/classification/nls/best/val/surface
_hidden_l2_n1.png> <./outputs/classification/nls/best/test/surface_hidden_l2_n1
.png> <./outputs/classification/nls/best/train/surface_hidden_l2_n2.png> <./out
puts/classification/nls/best/val/surface_hidden_l2_n2.png> <./outputs/classific
ation/nls/best/test/surface_hidden_l2_n2.png> <./outputs/classification/nls/bes
t/train/surface_hidden_l2_n3.png> <./outputs/classification/nls/best/val/surfac
e_hidden_l2_n3.png> <./outputs/classification/nls/best/test/surface_hidden_l2_n
3.png>]
<outputs/classification/nls/best/train/surface_output_l3_n0.png, id=385, 489.02
7pt x 426.393pt>
File: outputs/classification/nls/best/train/surface_output_l3_n0.png Graphic fi
le (type png)
<use outputs/classification/nls/best/train/surface_output_l3_n0.png>
Package pdftex.def Info: outputs/classification/nls/best/train/surface_output_l
3_n0.png  used on input line 791.
(pdftex.def)             Requested size: 147.50256pt x 128.60854pt.
<outputs/classification/nls/best/val/surface_output_l3_n0.png, id=386, 489.027p
t x 426.393pt>
File: outputs/classification/nls/best/val/surface_output_l3_n0.png Graphic file
 (type png)
<use outputs/classification/nls/best/val/surface_output_l3_n0.png>
Package pdftex.def Info: outputs/classification/nls/best/val/surface_output_l3_
n0.png  used on input line 795.
(pdftex.def)             Requested size: 147.50256pt x 128.60854pt.
<outputs/classification/nls/best/test/surface_output_l3_n0.png, id=387, 489.027
pt x 426.393pt>
File: outputs/classification/nls/best/test/surface_output_l3_n0.png Graphic fil
e (type png)
<use outputs/classification/nls/best/test/surface_output_l3_n0.png>
Package pdftex.def Info: outputs/classification/nls/best/test/surface_output_l3
_n0.png  used on input line 799.
(pdftex.def)             Requested size: 147.50256pt x 128.60854pt.
<outputs/classification/nls/best/train/surface_output_l3_n1.png, id=388, 489.02
7pt x 426.393pt>
File: outputs/classification/nls/best/train/surface_output_l3_n1.png Graphic fi
le (type png)
<use outputs/classification/nls/best/train/surface_output_l3_n1.png>
Package pdftex.def Info: outputs/classification/nls/best/train/surface_output_l
3_n1.png  used on input line 804.
(pdftex.def)             Requested size: 147.50256pt x 128.60854pt.
<outputs/classification/nls/best/val/surface_output_l3_n1.png, id=389, 489.027p
t x 426.393pt>
File: outputs/classification/nls/best/val/surface_output_l3_n1.png Graphic file
 (type png)
<use outputs/classification/nls/best/val/surface_output_l3_n1.png>
Package pdftex.def Info: outputs/classification/nls/best/val/surface_output_l3_
n1.png  used on input line 808.
(pdftex.def)             Requested size: 147.50256pt x 128.60854pt.
<outputs/classification/nls/best/test/surface_output_l3_n1.png, id=390, 489.027
pt x 426.393pt>
File: outputs/classification/nls/best/test/surface_output_l3_n1.png Graphic fil
e (type png)
<use outputs/classification/nls/best/test/surface_output_l3_n1.png>
Package pdftex.def Info: outputs/classification/nls/best/test/surface_output_l3
_n1.png  used on input line 812.
(pdftex.def)             Requested size: 147.50256pt x 128.60854pt.
<outputs/classification/nls/best/train/surface_output_l3_n2.png, id=391, 489.02
7pt x 426.393pt>
File: outputs/classification/nls/best/train/surface_output_l3_n2.png Graphic fi
le (type png)
<use outputs/classification/nls/best/train/surface_output_l3_n2.png>
Package pdftex.def Info: outputs/classification/nls/best/train/surface_output_l
3_n2.png  used on input line 817.
(pdftex.def)             Requested size: 147.50256pt x 128.60854pt.
<outputs/classification/nls/best/val/surface_output_l3_n2.png, id=392, 489.027p
t x 426.393pt>
File: outputs/classification/nls/best/val/surface_output_l3_n2.png Graphic file
 (type png)
<use outputs/classification/nls/best/val/surface_output_l3_n2.png>
Package pdftex.def Info: outputs/classification/nls/best/val/surface_output_l3_
n2.png  used on input line 821.
(pdftex.def)             Requested size: 147.50256pt x 128.60854pt.
<outputs/classification/nls/best/test/surface_output_l3_n2.png, id=393, 489.027
pt x 426.393pt>
File: outputs/classification/nls/best/test/surface_output_l3_n2.png Graphic fil
e (type png)
<use outputs/classification/nls/best/test/surface_output_l3_n2.png>
Package pdftex.def Info: outputs/classification/nls/best/test/surface_output_l3
_n2.png  used on input line 825.
(pdftex.def)             Requested size: 147.50256pt x 128.60854pt.
 [16 <./outputs/classification/nls/best/train/surface_hidden_l2_n4.png> <./outp
uts/classification/nls/best/val/surface_hidden_l2_n4.png> <./outputs/classifica
tion/nls/best/test/surface_hidden_l2_n4.png> <./outputs/classification/nls/best
/train/surface_hidden_l2_n5.png> <./outputs/classification/nls/best/val/surface
_hidden_l2_n5.png> <./outputs/classification/nls/best/test/surface_hidden_l2_n5
.png> <./outputs/classification/nls/best/train/surface_hidden_l2_n6.png> <./out
puts/classification/nls/best/val/surface_hidden_l2_n6.png> <./outputs/classific
ation/nls/best/test/surface_hidden_l2_n6.png> <./outputs/classification/nls/bes
t/train/surface_hidden_l2_n7.png> <./outputs/classification/nls/best/val/surfac
e_hidden_l2_n7.png> <./outputs/classification/nls/best/test/surface_hidden_l2_n
7.png>]
[17 <./outputs/classification/nls/best/train/surface_output_l3_n0.png> <./outpu
ts/classification/nls/best/val/surface_output_l3_n0.png> <./outputs/classificat
ion/nls/best/test/surface_output_l3_n0.png> <./outputs/classification/nls/best/
train/surface_output_l3_n1.png> <./outputs/classification/nls/best/val/surface_
output_l3_n1.png> <./outputs/classification/nls/best/test/surface_output_l3_n1.
png> <./outputs/classification/nls/best/train/surface_output_l3_n2.png> <./outp
uts/classification/nls/best/val/surface_output_l3_n2.png> <./outputs/classifica
tion/nls/best/test/surface_output_l3_n2.png>]
Overfull \hbox (29.99297pt too wide) in paragraph at lines 847--858
 [][] 
 []


Package hyperref Warning: Token not allowed in a PDF string (Unicode):
(hyperref)                removing `math shift' on input line 871.


Package hyperref Warning: Token not allowed in a PDF string (Unicode):
(hyperref)                removing `math shift' on input line 871.

[18]
<outputs/regression/univariate/h2/error_curve.png, id=449, 571.3345pt x 338.866
pt>
File: outputs/regression/univariate/h2/error_curve.png Graphic file (type png)
<use outputs/regression/univariate/h2/error_curve.png>
Package pdftex.def Info: outputs/regression/univariate/h2/error_curve.png  used
 on input line 915.
(pdftex.def)             Requested size: 299.60493pt x 177.70564pt.
<outputs/regression/univariate/best/superimposed_train.png, id=450, 571.3345pt 
x 425.59pt>
File: outputs/regression/univariate/best/superimposed_train.png Graphic file (t
ype png)
<use outputs/regression/univariate/best/superimposed_train.png>
Package pdftex.def Info: outputs/regression/univariate/best/superimposed_train.
png  used on input line 925.
(pdftex.def)             Requested size: 147.50256pt x 109.8715pt.
<outputs/regression/univariate/best/superimposed_val.png, id=451, 571.3345pt x 
425.59pt>
File: outputs/regression/univariate/best/superimposed_val.png Graphic file (typ
e png)
<use outputs/regression/univariate/best/superimposed_val.png>
Package pdftex.def Info: outputs/regression/univariate/best/superimposed_val.pn
g  used on input line 929.
(pdftex.def)             Requested size: 147.50256pt x 109.8715pt.
<outputs/regression/univariate/best/superimposed_test.png, id=452, 571.3345pt x
 425.59pt>
File: outputs/regression/univariate/best/superimposed_test.png Graphic file (ty
pe png)
<use outputs/regression/univariate/best/superimposed_test.png>
Package pdftex.def Info: outputs/regression/univariate/best/superimposed_test.p
ng  used on input line 933.
(pdftex.def)             Requested size: 147.50256pt x 109.8715pt.
<outputs/regression/univariate/best/scatter_train.png, id=453, 426.7945pt x 425
.59pt>
File: outputs/regression/univariate/best/scatter_train.png Graphic file (type p
ng)
<use outputs/regression/univariate/best/scatter_train.png>
Package pdftex.def Info: outputs/regression/univariate/best/scatter_train.png  
used on input line 945.
(pdftex.def)             Requested size: 147.50256pt x 147.08846pt.
<outputs/regression/univariate/best/scatter_val.png, id=454, 426.7945pt x 425.5
9pt>
File: outputs/regression/univariate/best/scatter_val.png Graphic file (type png
)
<use outputs/regression/univariate/best/scatter_val.png>
Package pdftex.def Info: outputs/regression/univariate/best/scatter_val.png  us
ed on input line 949.
(pdftex.def)             Requested size: 147.50256pt x 147.08846pt.
<outputs/regression/univariate/best/scatter_test.png, id=455, 426.7945pt x 425.
59pt>
File: outputs/regression/univariate/best/scatter_test.png Graphic file (type pn
g)
<use outputs/regression/univariate/best/scatter_test.png>
Package pdftex.def Info: outputs/regression/univariate/best/scatter_test.png  u
sed on input line 953.
(pdftex.def)             Requested size: 147.50256pt x 147.08846pt.
 [19 <./outputs/regression/univariate/h2/error_curve.png> <./outputs/regression
/univariate/best/superimposed_train.png> <./outputs/regression/univariate/best/
superimposed_val.png> <./outputs/regression/univariate/best/superimposed_test.p
ng>]
<outputs/regression/univariate/best/train/curve_hidden_l1_n0.png, id=469, 571.3
345pt x 338.866pt>
File: outputs/regression/univariate/best/train/curve_hidden_l1_n0.png Graphic f
ile (type png)
<use outputs/regression/univariate/best/train/curve_hidden_l1_n0.png>
Package pdftex.def Info: outputs/regression/univariate/best/train/curve_hidden_
l1_n0.png  used on input line 965.
(pdftex.def)             Requested size: 147.50256pt x 87.48259pt.
<outputs/regression/univariate/best/val/curve_hidden_l1_n0.png, id=470, 571.334
5pt x 338.866pt>
File: outputs/regression/univariate/best/val/curve_hidden_l1_n0.png Graphic fil
e (type png)
<use outputs/regression/univariate/best/val/curve_hidden_l1_n0.png>
Package pdftex.def Info: outputs/regression/univariate/best/val/curve_hidden_l1
_n0.png  used on input line 969.
(pdftex.def)             Requested size: 147.50256pt x 87.48259pt.
<outputs/regression/univariate/best/test/curve_hidden_l1_n0.png, id=471, 571.33
45pt x 338.866pt>
File: outputs/regression/univariate/best/test/curve_hidden_l1_n0.png Graphic fi
le (type png)
<use outputs/regression/univariate/best/test/curve_hidden_l1_n0.png>
Package pdftex.def Info: outputs/regression/univariate/best/test/curve_hidden_l
1_n0.png  used on input line 973.
(pdftex.def)             Requested size: 147.50256pt x 87.48259pt.
<outputs/regression/univariate/best/train/curve_hidden_l1_n1.png, id=472, 571.3
345pt x 338.866pt>
File: outputs/regression/univariate/best/train/curve_hidden_l1_n1.png Graphic f
ile (type png)
<use outputs/regression/univariate/best/train/curve_hidden_l1_n1.png>
Package pdftex.def Info: outputs/regression/univariate/best/train/curve_hidden_
l1_n1.png  used on input line 978.
(pdftex.def)             Requested size: 147.50256pt x 87.48259pt.
<outputs/regression/univariate/best/val/curve_hidden_l1_n1.png, id=473, 571.334
5pt x 338.866pt>
File: outputs/regression/univariate/best/val/curve_hidden_l1_n1.png Graphic fil
e (type png)
<use outputs/regression/univariate/best/val/curve_hidden_l1_n1.png>
Package pdftex.def Info: outputs/regression/univariate/best/val/curve_hidden_l1
_n1.png  used on input line 982.
(pdftex.def)             Requested size: 147.50256pt x 87.48259pt.
<outputs/regression/univariate/best/test/curve_hidden_l1_n1.png, id=474, 571.33
45pt x 338.866pt>
File: outputs/regression/univariate/best/test/curve_hidden_l1_n1.png Graphic fi
le (type png)
<use outputs/regression/univariate/best/test/curve_hidden_l1_n1.png>
Package pdftex.def Info: outputs/regression/univariate/best/test/curve_hidden_l
1_n1.png  used on input line 986.
(pdftex.def)             Requested size: 147.50256pt x 87.48259pt.
<outputs/regression/univariate/best/train/curve_output_l2_n0.png, id=475, 571.3
345pt x 338.866pt>
File: outputs/regression/univariate/best/train/curve_output_l2_n0.png Graphic f
ile (type png)
<use outputs/regression/univariate/best/train/curve_output_l2_n0.png>
Package pdftex.def Info: outputs/regression/univariate/best/train/curve_output_
l2_n0.png  used on input line 991.
(pdftex.def)             Requested size: 147.50256pt x 87.48259pt.
<outputs/regression/univariate/best/val/curve_output_l2_n0.png, id=476, 571.334
5pt x 338.866pt>
File: outputs/regression/univariate/best/val/curve_output_l2_n0.png Graphic fil
e (type png)
<use outputs/regression/univariate/best/val/curve_output_l2_n0.png>
Package pdftex.def Info: outputs/regression/univariate/best/val/curve_output_l2
_n0.png  used on input line 995.
(pdftex.def)             Requested size: 147.50256pt x 87.48259pt.
<outputs/regression/univariate/best/test/curve_output_l2_n0.png, id=477, 571.33
45pt x 338.866pt>
File: outputs/regression/univariate/best/test/curve_output_l2_n0.png Graphic fi
le (type png)
<use outputs/regression/univariate/best/test/curve_output_l2_n0.png>
Package pdftex.def Info: outputs/regression/univariate/best/test/curve_output_l
2_n0.png  used on input line 999.
(pdftex.def)             Requested size: 147.50256pt x 87.48259pt.


Package hyperref Warning: Token not allowed in a PDF string (Unicode):
(hyperref)                removing `math shift' on input line 1007.


Package hyperref Warning: Token not allowed in a PDF string (Unicode):
(hyperref)                removing `math shift' on input line 1007.

[20 <./outputs/regression/univariate/best/scatter_train.png> <./outputs/regress
ion/univariate/best/scatter_val.png> <./outputs/regression/univariate/best/scat
ter_test.png> <./outputs/regression/univariate/best/train/curve_hidden_l1_n0.pn
g> <./outputs/regression/univariate/best/val/curve_hidden_l1_n0.png> <./outputs
/regression/univariate/best/test/curve_hidden_l1_n0.png> <./outputs/regression/
univariate/best/train/curve_hidden_l1_n1.png> <./outputs/regression/univariate/
best/val/curve_hidden_l1_n1.png> <./outputs/regression/univariate/best/test/cur
ve_hidden_l1_n1.png> <./outputs/regression/univariate/best/train/curve_output_l
2_n0.png> <./outputs/regression/univariate/best/val/curve_output_l2_n0.png> <./
outputs/regression/univariate/best/test/curve_output_l2_n0.png>]
<outputs/regression/bivariate/1hl/h16/error_curve.png, id=501, 571.3345pt x 338
.866pt>
File: outputs/regression/bivariate/1hl/h16/error_curve.png Graphic file (type p
ng)
<use outputs/regression/bivariate/1hl/h16/error_curve.png>
Package pdftex.def Info: outputs/regression/bivariate/1hl/h16/error_curve.png  
used on input line 1060.
(pdftex.def)             Requested size: 221.24683pt x 131.2213pt.
<outputs/regression/bivariate/2hl/h16/error_curve.png, id=502, 571.3345pt x 338
.866pt>
File: outputs/regression/bivariate/2hl/h16/error_curve.png Graphic file (type p
ng)
<use outputs/regression/bivariate/2hl/h16/error_curve.png>
Package pdftex.def Info: outputs/regression/bivariate/2hl/h16/error_curve.png  
used on input line 1064.
(pdftex.def)             Requested size: 221.24683pt x 131.2213pt.
<outputs/regression/bivariate/2hl/best/superimposed_train.png, id=503, 422.7795
pt x 426.393pt>
File: outputs/regression/bivariate/2hl/best/superimposed_train.png Graphic file
 (type png)
<use outputs/regression/bivariate/2hl/best/superimposed_train.png>
Package pdftex.def Info: outputs/regression/bivariate/2hl/best/superimposed_tra
in.png  used on input line 1076.
(pdftex.def)             Requested size: 147.50256pt x 148.76482pt.
<outputs/regression/bivariate/2hl/best/superimposed_val.png, id=504, 422.7795pt
 x 426.393pt>
File: outputs/regression/bivariate/2hl/best/superimposed_val.png Graphic file (
type png)
<use outputs/regression/bivariate/2hl/best/superimposed_val.png>
Package pdftex.def Info: outputs/regression/bivariate/2hl/best/superimposed_val
.png  used on input line 1080.
(pdftex.def)             Requested size: 147.50256pt x 148.76482pt.
<outputs/regression/bivariate/2hl/best/superimposed_test.png, id=505, 423.181pt
 x 426.393pt>
File: outputs/regression/bivariate/2hl/best/superimposed_test.png Graphic file 
(type png)
<use outputs/regression/bivariate/2hl/best/superimposed_test.png>
Package pdftex.def Info: outputs/regression/bivariate/2hl/best/superimposed_tes
t.png  used on input line 1084.
(pdftex.def)             Requested size: 147.50256pt x 148.62169pt.
 [21 <./outputs/regression/bivariate/1hl/h16/error_curve.png> <./outputs/regres
sion/bivariate/2hl/h16/error_curve.png>]
<outputs/regression/bivariate/1hl/best/superimposed_train.png, id=517, 422.7795
pt x 426.393pt>
File: outputs/regression/bivariate/1hl/best/superimposed_train.png Graphic file
 (type png)
<use outputs/regression/bivariate/1hl/best/superimposed_train.png>
Package pdftex.def Info: outputs/regression/bivariate/1hl/best/superimposed_tra
in.png  used on input line 1094.
(pdftex.def)             Requested size: 147.50256pt x 148.76482pt.
<outputs/regression/bivariate/1hl/best/superimposed_val.png, id=518, 422.7795pt
 x 426.393pt>
File: outputs/regression/bivariate/1hl/best/superimposed_val.png Graphic file (
type png)
<use outputs/regression/bivariate/1hl/best/superimposed_val.png>
Package pdftex.def Info: outputs/regression/bivariate/1hl/best/superimposed_val
.png  used on input line 1098.
(pdftex.def)             Requested size: 147.50256pt x 148.76482pt.
<outputs/regression/bivariate/1hl/best/superimposed_test.png, id=519, 422.7795p
t x 426.393pt>
File: outputs/regression/bivariate/1hl/best/superimposed_test.png Graphic file 
(type png)
<use outputs/regression/bivariate/1hl/best/superimposed_test.png>
Package pdftex.def Info: outputs/regression/bivariate/1hl/best/superimposed_tes
t.png  used on input line 1102.
(pdftex.def)             Requested size: 147.50256pt x 148.76482pt.
<outputs/regression/bivariate/2hl/best/scatter_train.png, id=520, 426.7945pt x 
425.59pt>
File: outputs/regression/bivariate/2hl/best/scatter_train.png Graphic file (typ
e png)
<use outputs/regression/bivariate/2hl/best/scatter_train.png>
Package pdftex.def Info: outputs/regression/bivariate/2hl/best/scatter_train.pn
g  used on input line 1114.
(pdftex.def)             Requested size: 147.50256pt x 147.08846pt.
<outputs/regression/bivariate/2hl/best/scatter_val.png, id=521, 426.7945pt x 42
5.59pt>
File: outputs/regression/bivariate/2hl/best/scatter_val.png Graphic file (type 
png)
<use outputs/regression/bivariate/2hl/best/scatter_val.png>
Package pdftex.def Info: outputs/regression/bivariate/2hl/best/scatter_val.png 
 used on input line 1118.
(pdftex.def)             Requested size: 147.50256pt x 147.08846pt.
<outputs/regression/bivariate/2hl/best/scatter_test.png, id=522, 426.7945pt x 4
25.59pt>
File: outputs/regression/bivariate/2hl/best/scatter_test.png Graphic file (type
 png)
<use outputs/regression/bivariate/2hl/best/scatter_test.png>
Package pdftex.def Info: outputs/regression/bivariate/2hl/best/scatter_test.png
  used on input line 1122.
(pdftex.def)             Requested size: 147.50256pt x 147.08846pt.
<outputs/regression/bivariate/1hl/best/scatter_train.png, id=523, 426.7945pt x 
425.59pt>
File: outputs/regression/bivariate/1hl/best/scatter_train.png Graphic file (typ
e png)
<use outputs/regression/bivariate/1hl/best/scatter_train.png>
Package pdftex.def Info: outputs/regression/bivariate/1hl/best/scatter_train.pn
g  used on input line 1132.
(pdftex.def)             Requested size: 147.50256pt x 147.08846pt.
<outputs/regression/bivariate/1hl/best/scatter_val.png, id=524, 426.7945pt x 42
5.59pt>
File: outputs/regression/bivariate/1hl/best/scatter_val.png Graphic file (type 
png)
<use outputs/regression/bivariate/1hl/best/scatter_val.png>
Package pdftex.def Info: outputs/regression/bivariate/1hl/best/scatter_val.png 
 used on input line 1136.
(pdftex.def)             Requested size: 147.50256pt x 147.08846pt.
<outputs/regression/bivariate/1hl/best/scatter_test.png, id=525, 426.7945pt x 4
25.59pt>
File: outputs/regression/bivariate/1hl/best/scatter_test.png Graphic file (type
 png)
<use outputs/regression/bivariate/1hl/best/scatter_test.png>
Package pdftex.def Info: outputs/regression/bivariate/1hl/best/scatter_test.png
  used on input line 1140.
(pdftex.def)             Requested size: 147.50256pt x 147.08846pt.
 [22 <./outputs/regression/bivariate/2hl/best/superimposed_train.png> <./output
s/regression/bivariate/2hl/best/superimposed_val.png> <./outputs/regression/biv
ariate/2hl/best/superimposed_test.png> <./outputs/regression/bivariate/1hl/best
/superimposed_train.png> <./outputs/regression/bivariate/1hl/best/superimposed_
val.png> <./outputs/regression/bivariate/1hl/best/superimposed_test.png> <./out
puts/regression/bivariate/2hl/best/scatter_train.png> <./outputs/regression/biv
ariate/2hl/best/scatter_val.png> <./outputs/regression/bivariate/2hl/best/scatt
er_test.png>]
<outputs/regression/bivariate/2hl/best/train/surface_hidden_l1_n0.png, id=544, 
510.708pt x 426.393pt>
File: outputs/regression/bivariate/2hl/best/train/surface_hidden_l1_n0.png Grap
hic file (type png)
<use outputs/regression/bivariate/2hl/best/train/surface_hidden_l1_n0.png>
Package pdftex.def Info: outputs/regression/bivariate/2hl/best/train/surface_hi
dden_l1_n0.png  used on input line 1152.
(pdftex.def)             Requested size: 147.50256pt x 123.14981pt.
<outputs/regression/bivariate/2hl/best/val/surface_hidden_l1_n0.png, id=545, 50
4.284pt x 426.393pt>
File: outputs/regression/bivariate/2hl/best/val/surface_hidden_l1_n0.png Graphi
c file (type png)
<use outputs/regression/bivariate/2hl/best/val/surface_hidden_l1_n0.png>
Package pdftex.def Info: outputs/regression/bivariate/2hl/best/val/surface_hidd
en_l1_n0.png  used on input line 1156.
(pdftex.def)             Requested size: 147.50256pt x 124.71782pt.
<outputs/regression/bivariate/2hl/best/test/surface_hidden_l1_n0.png, id=546, 5
07.8975pt x 426.393pt>
File: outputs/regression/bivariate/2hl/best/test/surface_hidden_l1_n0.png Graph
ic file (type png)
<use outputs/regression/bivariate/2hl/best/test/surface_hidden_l1_n0.png>
Package pdftex.def Info: outputs/regression/bivariate/2hl/best/test/surface_hid
den_l1_n0.png  used on input line 1160.
(pdftex.def)             Requested size: 147.50256pt x 123.83298pt.
<outputs/regression/bivariate/2hl/best/train/surface_hidden_l1_n1.png, id=547, 
517.132pt x 426.393pt>
File: outputs/regression/bivariate/2hl/best/train/surface_hidden_l1_n1.png Grap
hic file (type png)
<use outputs/regression/bivariate/2hl/best/train/surface_hidden_l1_n1.png>
Package pdftex.def Info: outputs/regression/bivariate/2hl/best/train/surface_hi
dden_l1_n1.png  used on input line 1165.
(pdftex.def)             Requested size: 147.50256pt x 121.62085pt.
<outputs/regression/bivariate/2hl/best/val/surface_hidden_l1_n1.png, id=548, 51
0.708pt x 426.393pt>
File: outputs/regression/bivariate/2hl/best/val/surface_hidden_l1_n1.png Graphi
c file (type png)
<use outputs/regression/bivariate/2hl/best/val/surface_hidden_l1_n1.png>
Package pdftex.def Info: outputs/regression/bivariate/2hl/best/val/surface_hidd
en_l1_n1.png  used on input line 1169.
(pdftex.def)             Requested size: 147.50256pt x 123.14981pt.
<outputs/regression/bivariate/2hl/best/test/surface_hidden_l1_n1.png, id=549, 5
14.3215pt x 426.393pt>
File: outputs/regression/bivariate/2hl/best/test/surface_hidden_l1_n1.png Graph
ic file (type png)
<use outputs/regression/bivariate/2hl/best/test/surface_hidden_l1_n1.png>
Package pdftex.def Info: outputs/regression/bivariate/2hl/best/test/surface_hid
den_l1_n1.png  used on input line 1173.
(pdftex.def)             Requested size: 147.50256pt x 122.28448pt.
<outputs/regression/bivariate/2hl/best/train/surface_hidden_l1_n2.png, id=550, 
504.284pt x 426.393pt>
File: outputs/regression/bivariate/2hl/best/train/surface_hidden_l1_n2.png Grap
hic file (type png)
<use outputs/regression/bivariate/2hl/best/train/surface_hidden_l1_n2.png>
Package pdftex.def Info: outputs/regression/bivariate/2hl/best/train/surface_hi
dden_l1_n2.png  used on input line 1178.
(pdftex.def)             Requested size: 147.50256pt x 124.71782pt.
<outputs/regression/bivariate/2hl/best/val/surface_hidden_l1_n2.png, id=551, 49
8.2615pt x 426.393pt>
File: outputs/regression/bivariate/2hl/best/val/surface_hidden_l1_n2.png Graphi
c file (type png)
<use outputs/regression/bivariate/2hl/best/val/surface_hidden_l1_n2.png>
Package pdftex.def Info: outputs/regression/bivariate/2hl/best/val/surface_hidd
en_l1_n2.png  used on input line 1182.
(pdftex.def)             Requested size: 147.50256pt x 126.22726pt.
<outputs/regression/bivariate/2hl/best/test/surface_hidden_l1_n2.png, id=552, 5
01.4735pt x 426.393pt>
File: outputs/regression/bivariate/2hl/best/test/surface_hidden_l1_n2.png Graph
ic file (type png)
<use outputs/regression/bivariate/2hl/best/test/surface_hidden_l1_n2.png>
Package pdftex.def Info: outputs/regression/bivariate/2hl/best/test/surface_hid
den_l1_n2.png  used on input line 1186.
(pdftex.def)             Requested size: 147.50256pt x 125.41399pt.
<outputs/regression/bivariate/2hl/best/train/surface_hidden_l1_n3.png, id=553, 
504.284pt x 426.393pt>
File: outputs/regression/bivariate/2hl/best/train/surface_hidden_l1_n3.png Grap
hic file (type png)
<use outputs/regression/bivariate/2hl/best/train/surface_hidden_l1_n3.png>
Package pdftex.def Info: outputs/regression/bivariate/2hl/best/train/surface_hi
dden_l1_n3.png  used on input line 1191.
(pdftex.def)             Requested size: 147.50256pt x 124.71782pt.
<outputs/regression/bivariate/2hl/best/val/surface_hidden_l1_n3.png, id=554, 49
8.2615pt x 426.393pt>
File: outputs/regression/bivariate/2hl/best/val/surface_hidden_l1_n3.png Graphi
c file (type png)
<use outputs/regression/bivariate/2hl/best/val/surface_hidden_l1_n3.png>
Package pdftex.def Info: outputs/regression/bivariate/2hl/best/val/surface_hidd
en_l1_n3.png  used on input line 1195.
(pdftex.def)             Requested size: 147.50256pt x 126.22726pt.
<outputs/regression/bivariate/2hl/best/test/surface_hidden_l1_n3.png, id=555, 5
01.4735pt x 426.393pt>
File: outputs/regression/bivariate/2hl/best/test/surface_hidden_l1_n3.png Graph
ic file (type png)
<use outputs/regression/bivariate/2hl/best/test/surface_hidden_l1_n3.png>
Package pdftex.def Info: outputs/regression/bivariate/2hl/best/test/surface_hid
den_l1_n3.png  used on input line 1199.
(pdftex.def)             Requested size: 147.50256pt x 125.41399pt.
 [23 <./outputs/regression/bivariate/1hl/best/scatter_train.png> <./outputs/reg
ression/bivariate/1hl/best/scatter_val.png> <./outputs/regression/bivariate/1hl
/best/scatter_test.png>]
<outputs/regression/bivariate/2hl/best/train/surface_hidden_l1_n4.png, id=564, 
510.708pt x 426.393pt>
File: outputs/regression/bivariate/2hl/best/train/surface_hidden_l1_n4.png Grap
hic file (type png)
<use outputs/regression/bivariate/2hl/best/train/surface_hidden_l1_n4.png>
Package pdftex.def Info: outputs/regression/bivariate/2hl/best/train/surface_hi
dden_l1_n4.png  used on input line 1209.
(pdftex.def)             Requested size: 147.50256pt x 123.14981pt.
<outputs/regression/bivariate/2hl/best/val/surface_hidden_l1_n4.png, id=565, 50
4.284pt x 426.393pt>
File: outputs/regression/bivariate/2hl/best/val/surface_hidden_l1_n4.png Graphi
c file (type png)
<use outputs/regression/bivariate/2hl/best/val/surface_hidden_l1_n4.png>
Package pdftex.def Info: outputs/regression/bivariate/2hl/best/val/surface_hidd
en_l1_n4.png  used on input line 1213.
(pdftex.def)             Requested size: 147.50256pt x 124.71782pt.
<outputs/regression/bivariate/2hl/best/test/surface_hidden_l1_n4.png, id=566, 5
07.8975pt x 426.393pt>
File: outputs/regression/bivariate/2hl/best/test/surface_hidden_l1_n4.png Graph
ic file (type png)
<use outputs/regression/bivariate/2hl/best/test/surface_hidden_l1_n4.png>
Package pdftex.def Info: outputs/regression/bivariate/2hl/best/test/surface_hid
den_l1_n4.png  used on input line 1217.
(pdftex.def)             Requested size: 147.50256pt x 123.83298pt.
<outputs/regression/bivariate/2hl/best/train/surface_hidden_l1_n5.png, id=567, 
510.708pt x 426.393pt>
File: outputs/regression/bivariate/2hl/best/train/surface_hidden_l1_n5.png Grap
hic file (type png)
<use outputs/regression/bivariate/2hl/best/train/surface_hidden_l1_n5.png>
Package pdftex.def Info: outputs/regression/bivariate/2hl/best/train/surface_hi
dden_l1_n5.png  used on input line 1222.
(pdftex.def)             Requested size: 147.50256pt x 123.14981pt.
<outputs/regression/bivariate/2hl/best/val/surface_hidden_l1_n5.png, id=568, 50
4.284pt x 426.393pt>
File: outputs/regression/bivariate/2hl/best/val/surface_hidden_l1_n5.png Graphi
c file (type png)
<use outputs/regression/bivariate/2hl/best/val/surface_hidden_l1_n5.png>
Package pdftex.def Info: outputs/regression/bivariate/2hl/best/val/surface_hidd
en_l1_n5.png  used on input line 1226.
(pdftex.def)             Requested size: 147.50256pt x 124.71782pt.
<outputs/regression/bivariate/2hl/best/test/surface_hidden_l1_n5.png, id=569, 5
07.8975pt x 426.393pt>
File: outputs/regression/bivariate/2hl/best/test/surface_hidden_l1_n5.png Graph
ic file (type png)
<use outputs/regression/bivariate/2hl/best/test/surface_hidden_l1_n5.png>
Package pdftex.def Info: outputs/regression/bivariate/2hl/best/test/surface_hid
den_l1_n5.png  used on input line 1230.
(pdftex.def)             Requested size: 147.50256pt x 123.83298pt.
<outputs/regression/bivariate/2hl/best/train/surface_hidden_l1_n6.png, id=570, 
504.284pt x 426.393pt>
File: outputs/regression/bivariate/2hl/best/train/surface_hidden_l1_n6.png Grap
hic file (type png)
<use outputs/regression/bivariate/2hl/best/train/surface_hidden_l1_n6.png>
Package pdftex.def Info: outputs/regression/bivariate/2hl/best/train/surface_hi
dden_l1_n6.png  used on input line 1235.
(pdftex.def)             Requested size: 147.50256pt x 124.71782pt.
<outputs/regression/bivariate/2hl/best/val/surface_hidden_l1_n6.png, id=571, 49
8.2615pt x 426.393pt>
File: outputs/regression/bivariate/2hl/best/val/surface_hidden_l1_n6.png Graphi
c file (type png)
<use outputs/regression/bivariate/2hl/best/val/surface_hidden_l1_n6.png>
Package pdftex.def Info: outputs/regression/bivariate/2hl/best/val/surface_hidd
en_l1_n6.png  used on input line 1239.
(pdftex.def)             Requested size: 147.50256pt x 126.22726pt.
<outputs/regression/bivariate/2hl/best/test/surface_hidden_l1_n6.png, id=572, 5
01.4735pt x 426.393pt>
File: outputs/regression/bivariate/2hl/best/test/surface_hidden_l1_n6.png Graph
ic file (type png)
<use outputs/regression/bivariate/2hl/best/test/surface_hidden_l1_n6.png>
Package pdftex.def Info: outputs/regression/bivariate/2hl/best/test/surface_hid
den_l1_n6.png  used on input line 1243.
(pdftex.def)             Requested size: 147.50256pt x 125.41399pt.
<outputs/regression/bivariate/2hl/best/train/surface_hidden_l1_n7.png, id=573, 
517.132pt x 426.393pt>
File: outputs/regression/bivariate/2hl/best/train/surface_hidden_l1_n7.png Grap
hic file (type png)
<use outputs/regression/bivariate/2hl/best/train/surface_hidden_l1_n7.png>
Package pdftex.def Info: outputs/regression/bivariate/2hl/best/train/surface_hi
dden_l1_n7.png  used on input line 1248.
(pdftex.def)             Requested size: 147.50256pt x 121.62085pt.
<outputs/regression/bivariate/2hl/best/val/surface_hidden_l1_n7.png, id=574, 51
0.708pt x 426.393pt>
File: outputs/regression/bivariate/2hl/best/val/surface_hidden_l1_n7.png Graphi
c file (type png)
<use outputs/regression/bivariate/2hl/best/val/surface_hidden_l1_n7.png>
Package pdftex.def Info: outputs/regression/bivariate/2hl/best/val/surface_hidd
en_l1_n7.png  used on input line 1252.
(pdftex.def)             Requested size: 147.50256pt x 123.14981pt.
<outputs/regression/bivariate/2hl/best/test/surface_hidden_l1_n7.png, id=575, 5
14.3215pt x 426.393pt>
File: outputs/regression/bivariate/2hl/best/test/surface_hidden_l1_n7.png Graph
ic file (type png)
<use outputs/regression/bivariate/2hl/best/test/surface_hidden_l1_n7.png>
Package pdftex.def Info: outputs/regression/bivariate/2hl/best/test/surface_hid
den_l1_n7.png  used on input line 1256.
(pdftex.def)             Requested size: 147.50256pt x 122.28448pt.
 [24 <./outputs/regression/bivariate/2hl/best/train/surface_hidden_l1_n0.png> <
./outputs/regression/bivariate/2hl/best/val/surface_hidden_l1_n0.png> <./output
s/regression/bivariate/2hl/best/test/surface_hidden_l1_n0.png> <./outputs/regre
ssion/bivariate/2hl/best/train/surface_hidden_l1_n1.png> <./outputs/regression/
bivariate/2hl/best/val/surface_hidden_l1_n1.png> <./outputs/regression/bivariat
e/2hl/best/test/surface_hidden_l1_n1.png> <./outputs/regression/bivariate/2hl/b
est/train/surface_hidden_l1_n2.png> <./outputs/regression/bivariate/2hl/best/va
l/surface_hidden_l1_n2.png> <./outputs/regression/bivariate/2hl/best/test/surfa
ce_hidden_l1_n2.png> <./outputs/regression/bivariate/2hl/best/train/surface_hid
den_l1_n3.png> <./outputs/regression/bivariate/2hl/best/val/surface_hidden_l1_n
3.png> <./outputs/regression/bivariate/2hl/best/test/surface_hidden_l1_n3.png>]
<outputs/regression/bivariate/2hl/best/train/surface_hidden_l1_n8.png, id=594, 
510.708pt x 426.393pt>
File: outputs/regression/bivariate/2hl/best/train/surface_hidden_l1_n8.png Grap
hic file (type png)
<use outputs/regression/bivariate/2hl/best/train/surface_hidden_l1_n8.png>
Package pdftex.def Info: outputs/regression/bivariate/2hl/best/train/surface_hi
dden_l1_n8.png  used on input line 1266.
(pdftex.def)             Requested size: 147.50256pt x 123.14981pt.
<outputs/regression/bivariate/2hl/best/val/surface_hidden_l1_n8.png, id=595, 50
4.284pt x 426.393pt>
File: outputs/regression/bivariate/2hl/best/val/surface_hidden_l1_n8.png Graphi
c file (type png)
<use outputs/regression/bivariate/2hl/best/val/surface_hidden_l1_n8.png>
Package pdftex.def Info: outputs/regression/bivariate/2hl/best/val/surface_hidd
en_l1_n8.png  used on input line 1270.
(pdftex.def)             Requested size: 147.50256pt x 124.71782pt.
<outputs/regression/bivariate/2hl/best/test/surface_hidden_l1_n8.png, id=596, 5
07.8975pt x 426.393pt>
File: outputs/regression/bivariate/2hl/best/test/surface_hidden_l1_n8.png Graph
ic file (type png)
<use outputs/regression/bivariate/2hl/best/test/surface_hidden_l1_n8.png>
Package pdftex.def Info: outputs/regression/bivariate/2hl/best/test/surface_hid
den_l1_n8.png  used on input line 1274.
(pdftex.def)             Requested size: 147.50256pt x 123.83298pt.
<outputs/regression/bivariate/2hl/best/train/surface_hidden_l1_n9.png, id=597, 
504.284pt x 426.393pt>
File: outputs/regression/bivariate/2hl/best/train/surface_hidden_l1_n9.png Grap
hic file (type png)
<use outputs/regression/bivariate/2hl/best/train/surface_hidden_l1_n9.png>
Package pdftex.def Info: outputs/regression/bivariate/2hl/best/train/surface_hi
dden_l1_n9.png  used on input line 1279.
(pdftex.def)             Requested size: 147.50256pt x 124.71782pt.
<outputs/regression/bivariate/2hl/best/val/surface_hidden_l1_n9.png, id=598, 49
7.86pt x 426.393pt>
File: outputs/regression/bivariate/2hl/best/val/surface_hidden_l1_n9.png Graphi
c file (type png)
<use outputs/regression/bivariate/2hl/best/val/surface_hidden_l1_n9.png>
Package pdftex.def Info: outputs/regression/bivariate/2hl/best/val/surface_hidd
en_l1_n9.png  used on input line 1283.
(pdftex.def)             Requested size: 147.50256pt x 126.33136pt.
<outputs/regression/bivariate/2hl/best/test/surface_hidden_l1_n9.png, id=599, 5
01.4735pt x 426.393pt>
File: outputs/regression/bivariate/2hl/best/test/surface_hidden_l1_n9.png Graph
ic file (type png)
<use outputs/regression/bivariate/2hl/best/test/surface_hidden_l1_n9.png>
Package pdftex.def Info: outputs/regression/bivariate/2hl/best/test/surface_hid
den_l1_n9.png  used on input line 1287.
(pdftex.def)             Requested size: 147.50256pt x 125.41399pt.
<outputs/regression/bivariate/2hl/best/train/surface_hidden_l1_n10.png, id=600,
 514.723pt x 426.393pt>
File: outputs/regression/bivariate/2hl/best/train/surface_hidden_l1_n10.png Gra
phic file (type png)
<use outputs/regression/bivariate/2hl/best/train/surface_hidden_l1_n10.png>
Package pdftex.def Info: outputs/regression/bivariate/2hl/best/train/surface_hi
dden_l1_n10.png  used on input line 1292.
(pdftex.def)             Requested size: 147.50256pt x 122.18689pt.
<outputs/regression/bivariate/2hl/best/val/surface_hidden_l1_n10.png, id=601, 5
08.7005pt x 426.393pt>
File: outputs/regression/bivariate/2hl/best/val/surface_hidden_l1_n10.png Graph
ic file (type png)
<use outputs/regression/bivariate/2hl/best/val/surface_hidden_l1_n10.png>
Package pdftex.def Info: outputs/regression/bivariate/2hl/best/val/surface_hidd
en_l1_n10.png  used on input line 1296.
(pdftex.def)             Requested size: 147.50256pt x 123.63779pt.
<outputs/regression/bivariate/2hl/best/test/surface_hidden_l1_n10.png, id=602, 
511.9125pt x 426.393pt>
File: outputs/regression/bivariate/2hl/best/test/surface_hidden_l1_n10.png Grap
hic file (type png)
<use outputs/regression/bivariate/2hl/best/test/surface_hidden_l1_n10.png>
Package pdftex.def Info: outputs/regression/bivariate/2hl/best/test/surface_hid
den_l1_n10.png  used on input line 1300.
(pdftex.def)             Requested size: 147.50256pt x 122.85704pt.
<outputs/regression/bivariate/2hl/best/train/surface_hidden_l1_n11.png, id=603,
 508.299pt x 426.393pt>
File: outputs/regression/bivariate/2hl/best/train/surface_hidden_l1_n11.png Gra
phic file (type png)
<use outputs/regression/bivariate/2hl/best/train/surface_hidden_l1_n11.png>
Package pdftex.def Info: outputs/regression/bivariate/2hl/best/train/surface_hi
dden_l1_n11.png  used on input line 1305.
(pdftex.def)             Requested size: 147.50256pt x 123.72887pt.
<outputs/regression/bivariate/2hl/best/val/surface_hidden_l1_n11.png, id=604, 5
02.2765pt x 426.393pt>
File: outputs/regression/bivariate/2hl/best/val/surface_hidden_l1_n11.png Graph
ic file (type png)
<use outputs/regression/bivariate/2hl/best/val/surface_hidden_l1_n11.png>
Package pdftex.def Info: outputs/regression/bivariate/2hl/best/val/surface_hidd
en_l1_n11.png  used on input line 1309.
(pdftex.def)             Requested size: 147.50256pt x 125.2188pt.
<outputs/regression/bivariate/2hl/best/test/surface_hidden_l1_n11.png, id=605, 
505.4885pt x 426.393pt>
File: outputs/regression/bivariate/2hl/best/test/surface_hidden_l1_n11.png Grap
hic file (type png)
<use outputs/regression/bivariate/2hl/best/test/surface_hidden_l1_n11.png>
Package pdftex.def Info: outputs/regression/bivariate/2hl/best/test/surface_hid
den_l1_n11.png  used on input line 1313.
(pdftex.def)             Requested size: 147.50256pt x 124.41853pt.
 [25 <./outputs/regression/bivariate/2hl/best/train/surface_hidden_l1_n4.png> <
./outputs/regression/bivariate/2hl/best/val/surface_hidden_l1_n4.png> <./output
s/regression/bivariate/2hl/best/test/surface_hidden_l1_n4.png> <./outputs/regre
ssion/bivariate/2hl/best/train/surface_hidden_l1_n5.png> <./outputs/regression/
bivariate/2hl/best/val/surface_hidden_l1_n5.png> <./outputs/regression/bivariat
e/2hl/best/test/surface_hidden_l1_n5.png> <./outputs/regression/bivariate/2hl/b
est/train/surface_hidden_l1_n6.png> <./outputs/regression/bivariate/2hl/best/va
l/surface_hidden_l1_n6.png> <./outputs/regression/bivariate/2hl/best/test/surfa
ce_hidden_l1_n6.png> <./outputs/regression/bivariate/2hl/best/train/surface_hid
den_l1_n7.png> <./outputs/regression/bivariate/2hl/best/val/surface_hidden_l1_n
7.png> <./outputs/regression/bivariate/2hl/best/test/surface_hidden_l1_n7.png>]
<outputs/regression/bivariate/2hl/best/train/surface_hidden_l1_n12.png, id=624,
 508.299pt x 426.393pt>
File: outputs/regression/bivariate/2hl/best/train/surface_hidden_l1_n12.png Gra
phic file (type png)
<use outputs/regression/bivariate/2hl/best/train/surface_hidden_l1_n12.png>
Package pdftex.def Info: outputs/regression/bivariate/2hl/best/train/surface_hi
dden_l1_n12.png  used on input line 1323.
(pdftex.def)             Requested size: 147.50256pt x 123.72887pt.
<outputs/regression/bivariate/2hl/best/val/surface_hidden_l1_n12.png, id=625, 5
02.2765pt x 426.393pt>
File: outputs/regression/bivariate/2hl/best/val/surface_hidden_l1_n12.png Graph
ic file (type png)
<use outputs/regression/bivariate/2hl/best/val/surface_hidden_l1_n12.png>
Package pdftex.def Info: outputs/regression/bivariate/2hl/best/val/surface_hidd
en_l1_n12.png  used on input line 1327.
(pdftex.def)             Requested size: 147.50256pt x 125.2188pt.
<outputs/regression/bivariate/2hl/best/test/surface_hidden_l1_n12.png, id=626, 
505.4885pt x 426.393pt>
File: outputs/regression/bivariate/2hl/best/test/surface_hidden_l1_n12.png Grap
hic file (type png)
<use outputs/regression/bivariate/2hl/best/test/surface_hidden_l1_n12.png>
Package pdftex.def Info: outputs/regression/bivariate/2hl/best/test/surface_hid
den_l1_n12.png  used on input line 1331.
(pdftex.def)             Requested size: 147.50256pt x 124.41853pt.
<outputs/regression/bivariate/2hl/best/train/surface_hidden_l1_n13.png, id=627,
 514.723pt x 426.393pt>
File: outputs/regression/bivariate/2hl/best/train/surface_hidden_l1_n13.png Gra
phic file (type png)
<use outputs/regression/bivariate/2hl/best/train/surface_hidden_l1_n13.png>
Package pdftex.def Info: outputs/regression/bivariate/2hl/best/train/surface_hi
dden_l1_n13.png  used on input line 1336.
(pdftex.def)             Requested size: 147.50256pt x 122.18689pt.
<outputs/regression/bivariate/2hl/best/val/surface_hidden_l1_n13.png, id=628, 5
08.7005pt x 426.393pt>
File: outputs/regression/bivariate/2hl/best/val/surface_hidden_l1_n13.png Graph
ic file (type png)
<use outputs/regression/bivariate/2hl/best/val/surface_hidden_l1_n13.png>
Package pdftex.def Info: outputs/regression/bivariate/2hl/best/val/surface_hidd
en_l1_n13.png  used on input line 1340.
(pdftex.def)             Requested size: 147.50256pt x 123.63779pt.
<outputs/regression/bivariate/2hl/best/test/surface_hidden_l1_n13.png, id=629, 
511.9125pt x 426.393pt>
File: outputs/regression/bivariate/2hl/best/test/surface_hidden_l1_n13.png Grap
hic file (type png)
<use outputs/regression/bivariate/2hl/best/test/surface_hidden_l1_n13.png>
Package pdftex.def Info: outputs/regression/bivariate/2hl/best/test/surface_hid
den_l1_n13.png  used on input line 1344.
(pdftex.def)             Requested size: 147.50256pt x 122.85704pt.
<outputs/regression/bivariate/2hl/best/train/surface_hidden_l1_n14.png, id=630,
 514.723pt x 426.393pt>
File: outputs/regression/bivariate/2hl/best/train/surface_hidden_l1_n14.png Gra
phic file (type png)
<use outputs/regression/bivariate/2hl/best/train/surface_hidden_l1_n14.png>
Package pdftex.def Info: outputs/regression/bivariate/2hl/best/train/surface_hi
dden_l1_n14.png  used on input line 1349.
(pdftex.def)             Requested size: 147.50256pt x 122.18689pt.
<outputs/regression/bivariate/2hl/best/val/surface_hidden_l1_n14.png, id=631, 5
08.7005pt x 426.393pt>
File: outputs/regression/bivariate/2hl/best/val/surface_hidden_l1_n14.png Graph
ic file (type png)
<use outputs/regression/bivariate/2hl/best/val/surface_hidden_l1_n14.png>
Package pdftex.def Info: outputs/regression/bivariate/2hl/best/val/surface_hidd
en_l1_n14.png  used on input line 1353.
(pdftex.def)             Requested size: 147.50256pt x 123.63779pt.
<outputs/regression/bivariate/2hl/best/test/surface_hidden_l1_n14.png, id=632, 
511.9125pt x 426.393pt>
File: outputs/regression/bivariate/2hl/best/test/surface_hidden_l1_n14.png Grap
hic file (type png)
<use outputs/regression/bivariate/2hl/best/test/surface_hidden_l1_n14.png>
Package pdftex.def Info: outputs/regression/bivariate/2hl/best/test/surface_hid
den_l1_n14.png  used on input line 1357.
(pdftex.def)             Requested size: 147.50256pt x 122.85704pt.
<outputs/regression/bivariate/2hl/best/train/surface_hidden_l1_n15.png, id=633,
 508.7005pt x 426.393pt>
File: outputs/regression/bivariate/2hl/best/train/surface_hidden_l1_n15.png Gra
phic file (type png)
<use outputs/regression/bivariate/2hl/best/train/surface_hidden_l1_n15.png>
Package pdftex.def Info: outputs/regression/bivariate/2hl/best/train/surface_hi
dden_l1_n15.png  used on input line 1362.
(pdftex.def)             Requested size: 147.50256pt x 123.63779pt.
<outputs/regression/bivariate/2hl/best/val/surface_hidden_l1_n15.png, id=634, 5
02.2765pt x 426.393pt>
File: outputs/regression/bivariate/2hl/best/val/surface_hidden_l1_n15.png Graph
ic file (type png)
<use outputs/regression/bivariate/2hl/best/val/surface_hidden_l1_n15.png>
Package pdftex.def Info: outputs/regression/bivariate/2hl/best/val/surface_hidd
en_l1_n15.png  used on input line 1366.
(pdftex.def)             Requested size: 147.50256pt x 125.2188pt.
<outputs/regression/bivariate/2hl/best/test/surface_hidden_l1_n15.png, id=635, 
505.4885pt x 426.393pt>
File: outputs/regression/bivariate/2hl/best/test/surface_hidden_l1_n15.png Grap
hic file (type png)
<use outputs/regression/bivariate/2hl/best/test/surface_hidden_l1_n15.png>
Package pdftex.def Info: outputs/regression/bivariate/2hl/best/test/surface_hid
den_l1_n15.png  used on input line 1370.
(pdftex.def)             Requested size: 147.50256pt x 124.41853pt.
 [26 <./outputs/regression/bivariate/2hl/best/train/surface_hidden_l1_n8.png> <
./outputs/regression/bivariate/2hl/best/val/surface_hidden_l1_n8.png> <./output
s/regression/bivariate/2hl/best/test/surface_hidden_l1_n8.png> <./outputs/regre
ssion/bivariate/2hl/best/train/surface_hidden_l1_n9.png> <./outputs/regression/
bivariate/2hl/best/val/surface_hidden_l1_n9.png> <./outputs/regression/bivariat
e/2hl/best/test/surface_hidden_l1_n9.png> <./outputs/regression/bivariate/2hl/b
est/train/surface_hidden_l1_n10.png> <./outputs/regression/bivariate/2hl/best/v
al/surface_hidden_l1_n10.png> <./outputs/regression/bivariate/2hl/best/test/sur
face_hidden_l1_n10.png> <./outputs/regression/bivariate/2hl/best/train/surface_
hidden_l1_n11.png> <./outputs/regression/bivariate/2hl/best/val/surface_hidden_
l1_n11.png> <./outputs/regression/bivariate/2hl/best/test/surface_hidden_l1_n11
.png>]
<outputs/regression/bivariate/2hl/best/train/surface_hidden_l2_n0.png, id=653, 
510.708pt x 426.393pt>
File: outputs/regression/bivariate/2hl/best/train/surface_hidden_l2_n0.png Grap
hic file (type png)
<use outputs/regression/bivariate/2hl/best/train/surface_hidden_l2_n0.png>
Package pdftex.def Info: outputs/regression/bivariate/2hl/best/train/surface_hi
dden_l2_n0.png  used on input line 1380.
(pdftex.def)             Requested size: 147.50256pt x 123.14981pt.
<outputs/regression/bivariate/2hl/best/val/surface_hidden_l2_n0.png, id=654, 50
4.284pt x 426.393pt>
File: outputs/regression/bivariate/2hl/best/val/surface_hidden_l2_n0.png Graphi
c file (type png)
<use outputs/regression/bivariate/2hl/best/val/surface_hidden_l2_n0.png>
Package pdftex.def Info: outputs/regression/bivariate/2hl/best/val/surface_hidd
en_l2_n0.png  used on input line 1384.
(pdftex.def)             Requested size: 147.50256pt x 124.71782pt.
<outputs/regression/bivariate/2hl/best/test/surface_hidden_l2_n0.png, id=655, 5
07.8975pt x 426.393pt>
File: outputs/regression/bivariate/2hl/best/test/surface_hidden_l2_n0.png Graph
ic file (type png)
<use outputs/regression/bivariate/2hl/best/test/surface_hidden_l2_n0.png>
Package pdftex.def Info: outputs/regression/bivariate/2hl/best/test/surface_hid
den_l2_n0.png  used on input line 1388.
(pdftex.def)             Requested size: 147.50256pt x 123.83298pt.
<outputs/regression/bivariate/2hl/best/train/surface_hidden_l2_n1.png, id=656, 
504.284pt x 426.393pt>
File: outputs/regression/bivariate/2hl/best/train/surface_hidden_l2_n1.png Grap
hic file (type png)
<use outputs/regression/bivariate/2hl/best/train/surface_hidden_l2_n1.png>
Package pdftex.def Info: outputs/regression/bivariate/2hl/best/train/surface_hi
dden_l2_n1.png  used on input line 1393.
(pdftex.def)             Requested size: 147.50256pt x 124.71782pt.
<outputs/regression/bivariate/2hl/best/val/surface_hidden_l2_n1.png, id=657, 49
8.2615pt x 426.393pt>
File: outputs/regression/bivariate/2hl/best/val/surface_hidden_l2_n1.png Graphi
c file (type png)
<use outputs/regression/bivariate/2hl/best/val/surface_hidden_l2_n1.png>
Package pdftex.def Info: outputs/regression/bivariate/2hl/best/val/surface_hidd
en_l2_n1.png  used on input line 1397.
(pdftex.def)             Requested size: 147.50256pt x 126.22726pt.
<outputs/regression/bivariate/2hl/best/test/surface_hidden_l2_n1.png, id=658, 5
01.4735pt x 426.393pt>
File: outputs/regression/bivariate/2hl/best/test/surface_hidden_l2_n1.png Graph
ic file (type png)
<use outputs/regression/bivariate/2hl/best/test/surface_hidden_l2_n1.png>
Package pdftex.def Info: outputs/regression/bivariate/2hl/best/test/surface_hid
den_l2_n1.png  used on input line 1401.
(pdftex.def)             Requested size: 147.50256pt x 125.41399pt.
<outputs/regression/bivariate/2hl/best/train/surface_hidden_l2_n2.png, id=659, 
504.284pt x 426.393pt>
File: outputs/regression/bivariate/2hl/best/train/surface_hidden_l2_n2.png Grap
hic file (type png)
<use outputs/regression/bivariate/2hl/best/train/surface_hidden_l2_n2.png>
Package pdftex.def Info: outputs/regression/bivariate/2hl/best/train/surface_hi
dden_l2_n2.png  used on input line 1406.
(pdftex.def)             Requested size: 147.50256pt x 124.71782pt.
<outputs/regression/bivariate/2hl/best/val/surface_hidden_l2_n2.png, id=660, 49
8.2615pt x 426.393pt>
File: outputs/regression/bivariate/2hl/best/val/surface_hidden_l2_n2.png Graphi
c file (type png)
<use outputs/regression/bivariate/2hl/best/val/surface_hidden_l2_n2.png>
Package pdftex.def Info: outputs/regression/bivariate/2hl/best/val/surface_hidd
en_l2_n2.png  used on input line 1410.
(pdftex.def)             Requested size: 147.50256pt x 126.22726pt.
<outputs/regression/bivariate/2hl/best/test/surface_hidden_l2_n2.png, id=661, 5
01.4735pt x 426.393pt>
File: outputs/regression/bivariate/2hl/best/test/surface_hidden_l2_n2.png Graph
ic file (type png)
<use outputs/regression/bivariate/2hl/best/test/surface_hidden_l2_n2.png>
Package pdftex.def Info: outputs/regression/bivariate/2hl/best/test/surface_hid
den_l2_n2.png  used on input line 1414.
(pdftex.def)             Requested size: 147.50256pt x 125.41399pt.
<outputs/regression/bivariate/2hl/best/train/surface_hidden_l2_n3.png, id=662, 
504.284pt x 426.393pt>
File: outputs/regression/bivariate/2hl/best/train/surface_hidden_l2_n3.png Grap
hic file (type png)
<use outputs/regression/bivariate/2hl/best/train/surface_hidden_l2_n3.png>
Package pdftex.def Info: outputs/regression/bivariate/2hl/best/train/surface_hi
dden_l2_n3.png  used on input line 1419.
(pdftex.def)             Requested size: 147.50256pt x 124.71782pt.
<outputs/regression/bivariate/2hl/best/val/surface_hidden_l2_n3.png, id=663, 49
8.2615pt x 426.393pt>
File: outputs/regression/bivariate/2hl/best/val/surface_hidden_l2_n3.png Graphi
c file (type png)
<use outputs/regression/bivariate/2hl/best/val/surface_hidden_l2_n3.png>
Package pdftex.def Info: outputs/regression/bivariate/2hl/best/val/surface_hidd
en_l2_n3.png  used on input line 1423.
(pdftex.def)             Requested size: 147.50256pt x 126.22726pt.
<outputs/regression/bivariate/2hl/best/test/surface_hidden_l2_n3.png, id=664, 5
01.4735pt x 426.393pt>
File: outputs/regression/bivariate/2hl/best/test/surface_hidden_l2_n3.png Graph
ic file (type png)
<use outputs/regression/bivariate/2hl/best/test/surface_hidden_l2_n3.png>
Package pdftex.def Info: outputs/regression/bivariate/2hl/best/test/surface_hid
den_l2_n3.png  used on input line 1427.
(pdftex.def)             Requested size: 147.50256pt x 125.41399pt.
 [27 <./outputs/regression/bivariate/2hl/best/train/surface_hidden_l1_n12.png> 
<./outputs/regression/bivariate/2hl/best/val/surface_hidden_l1_n12.png> <./outp
uts/regression/bivariate/2hl/best/test/surface_hidden_l1_n12.png> <./outputs/re
gression/bivariate/2hl/best/train/surface_hidden_l1_n13.png> <./outputs/regress
ion/bivariate/2hl/best/val/surface_hidden_l1_n13.png> <./outputs/regression/biv
ariate/2hl/best/test/surface_hidden_l1_n13.png> <./outputs/regression/bivariate
/2hl/best/train/surface_hidden_l1_n14.png> <./outputs/regression/bivariate/2hl/
best/val/surface_hidden_l1_n14.png> <./outputs/regression/bivariate/2hl/best/te
st/surface_hidden_l1_n14.png> <./outputs/regression/bivariate/2hl/best/train/su
rface_hidden_l1_n15.png> <./outputs/regression/bivariate/2hl/best/val/surface_h
idden_l1_n15.png> <./outputs/regression/bivariate/2hl/best/test/surface_hidden_
l1_n15.png>]
<outputs/regression/bivariate/2hl/best/train/surface_hidden_l2_n4.png, id=682, 
504.284pt x 426.393pt>
File: outputs/regression/bivariate/2hl/best/train/surface_hidden_l2_n4.png Grap
hic file (type png)
<use outputs/regression/bivariate/2hl/best/train/surface_hidden_l2_n4.png>
Package pdftex.def Info: outputs/regression/bivariate/2hl/best/train/surface_hi
dden_l2_n4.png  used on input line 1437.
(pdftex.def)             Requested size: 147.50256pt x 124.71782pt.
<outputs/regression/bivariate/2hl/best/val/surface_hidden_l2_n4.png, id=683, 49
8.2615pt x 426.393pt>
File: outputs/regression/bivariate/2hl/best/val/surface_hidden_l2_n4.png Graphi
c file (type png)
<use outputs/regression/bivariate/2hl/best/val/surface_hidden_l2_n4.png>
Package pdftex.def Info: outputs/regression/bivariate/2hl/best/val/surface_hidd
en_l2_n4.png  used on input line 1441.
(pdftex.def)             Requested size: 147.50256pt x 126.22726pt.
<outputs/regression/bivariate/2hl/best/test/surface_hidden_l2_n4.png, id=684, 5
01.4735pt x 426.393pt>
File: outputs/regression/bivariate/2hl/best/test/surface_hidden_l2_n4.png Graph
ic file (type png)
<use outputs/regression/bivariate/2hl/best/test/surface_hidden_l2_n4.png>
Package pdftex.def Info: outputs/regression/bivariate/2hl/best/test/surface_hid
den_l2_n4.png  used on input line 1445.
(pdftex.def)             Requested size: 147.50256pt x 125.41399pt.
<outputs/regression/bivariate/2hl/best/train/surface_hidden_l2_n5.png, id=685, 
504.284pt x 426.393pt>
File: outputs/regression/bivariate/2hl/best/train/surface_hidden_l2_n5.png Grap
hic file (type png)
<use outputs/regression/bivariate/2hl/best/train/surface_hidden_l2_n5.png>
Package pdftex.def Info: outputs/regression/bivariate/2hl/best/train/surface_hi
dden_l2_n5.png  used on input line 1450.
(pdftex.def)             Requested size: 147.50256pt x 124.71782pt.
<outputs/regression/bivariate/2hl/best/val/surface_hidden_l2_n5.png, id=686, 49
8.2615pt x 426.393pt>
File: outputs/regression/bivariate/2hl/best/val/surface_hidden_l2_n5.png Graphi
c file (type png)
<use outputs/regression/bivariate/2hl/best/val/surface_hidden_l2_n5.png>
Package pdftex.def Info: outputs/regression/bivariate/2hl/best/val/surface_hidd
en_l2_n5.png  used on input line 1454.
(pdftex.def)             Requested size: 147.50256pt x 126.22726pt.
<outputs/regression/bivariate/2hl/best/test/surface_hidden_l2_n5.png, id=687, 5
01.4735pt x 426.393pt>
File: outputs/regression/bivariate/2hl/best/test/surface_hidden_l2_n5.png Graph
ic file (type png)
<use outputs/regression/bivariate/2hl/best/test/surface_hidden_l2_n5.png>
Package pdftex.def Info: outputs/regression/bivariate/2hl/best/test/surface_hid
den_l2_n5.png  used on input line 1458.
(pdftex.def)             Requested size: 147.50256pt x 125.41399pt.
<outputs/regression/bivariate/2hl/best/train/surface_hidden_l2_n6.png, id=688, 
504.284pt x 426.393pt>
File: outputs/regression/bivariate/2hl/best/train/surface_hidden_l2_n6.png Grap
hic file (type png)
<use outputs/regression/bivariate/2hl/best/train/surface_hidden_l2_n6.png>
Package pdftex.def Info: outputs/regression/bivariate/2hl/best/train/surface_hi
dden_l2_n6.png  used on input line 1463.
(pdftex.def)             Requested size: 147.50256pt x 124.71782pt.
<outputs/regression/bivariate/2hl/best/val/surface_hidden_l2_n6.png, id=689, 49
8.2615pt x 426.393pt>
File: outputs/regression/bivariate/2hl/best/val/surface_hidden_l2_n6.png Graphi
c file (type png)
<use outputs/regression/bivariate/2hl/best/val/surface_hidden_l2_n6.png>
Package pdftex.def Info: outputs/regression/bivariate/2hl/best/val/surface_hidd
en_l2_n6.png  used on input line 1467.
(pdftex.def)             Requested size: 147.50256pt x 126.22726pt.
<outputs/regression/bivariate/2hl/best/test/surface_hidden_l2_n6.png, id=690, 5
01.4735pt x 426.393pt>
File: outputs/regression/bivariate/2hl/best/test/surface_hidden_l2_n6.png Graph
ic file (type png)
<use outputs/regression/bivariate/2hl/best/test/surface_hidden_l2_n6.png>
Package pdftex.def Info: outputs/regression/bivariate/2hl/best/test/surface_hid
den_l2_n6.png  used on input line 1471.
(pdftex.def)             Requested size: 147.50256pt x 125.41399pt.
<outputs/regression/bivariate/2hl/best/train/surface_hidden_l2_n7.png, id=691, 
504.284pt x 426.393pt>
File: outputs/regression/bivariate/2hl/best/train/surface_hidden_l2_n7.png Grap
hic file (type png)
<use outputs/regression/bivariate/2hl/best/train/surface_hidden_l2_n7.png>
Package pdftex.def Info: outputs/regression/bivariate/2hl/best/train/surface_hi
dden_l2_n7.png  used on input line 1476.
(pdftex.def)             Requested size: 147.50256pt x 124.71782pt.
<outputs/regression/bivariate/2hl/best/val/surface_hidden_l2_n7.png, id=692, 49
8.2615pt x 426.393pt>
File: outputs/regression/bivariate/2hl/best/val/surface_hidden_l2_n7.png Graphi
c file (type png)
<use outputs/regression/bivariate/2hl/best/val/surface_hidden_l2_n7.png>
Package pdftex.def Info: outputs/regression/bivariate/2hl/best/val/surface_hidd
en_l2_n7.png  used on input line 1480.
(pdftex.def)             Requested size: 147.50256pt x 126.22726pt.
<outputs/regression/bivariate/2hl/best/test/surface_hidden_l2_n7.png, id=693, 5
01.4735pt x 426.393pt>
File: outputs/regression/bivariate/2hl/best/test/surface_hidden_l2_n7.png Graph
ic file (type png)
<use outputs/regression/bivariate/2hl/best/test/surface_hidden_l2_n7.png>
Package pdftex.def Info: outputs/regression/bivariate/2hl/best/test/surface_hid
den_l2_n7.png  used on input line 1484.
(pdftex.def)             Requested size: 147.50256pt x 125.41399pt.
 [28 <./outputs/regression/bivariate/2hl/best/train/surface_hidden_l2_n0.png> <
./outputs/regression/bivariate/2hl/best/val/surface_hidden_l2_n0.png> <./output
s/regression/bivariate/2hl/best/test/surface_hidden_l2_n0.png> <./outputs/regre
ssion/bivariate/2hl/best/train/surface_hidden_l2_n1.png> <./outputs/regression/
bivariate/2hl/best/val/surface_hidden_l2_n1.png> <./outputs/regression/bivariat
e/2hl/best/test/surface_hidden_l2_n1.png> <./outputs/regression/bivariate/2hl/b
est/train/surface_hidden_l2_n2.png> <./outputs/regression/bivariate/2hl/best/va
l/surface_hidden_l2_n2.png> <./outputs/regression/bivariate/2hl/best/test/surfa
ce_hidden_l2_n2.png> <./outputs/regression/bivariate/2hl/best/train/surface_hid
den_l2_n3.png> <./outputs/regression/bivariate/2hl/best/val/surface_hidden_l2_n
3.png> <./outputs/regression/bivariate/2hl/best/test/surface_hidden_l2_n3.png>]
<outputs/regression/bivariate/2hl/best/train/surface_output_l3_n0.png, id=711, 
509.905pt x 426.393pt>
File: outputs/regression/bivariate/2hl/best/train/surface_output_l3_n0.png Grap
hic file (type png)
<use outputs/regression/bivariate/2hl/best/train/surface_output_l3_n0.png>
Package pdftex.def Info: outputs/regression/bivariate/2hl/best/train/surface_ou
tput_l3_n0.png  used on input line 1494.
(pdftex.def)             Requested size: 147.50256pt x 123.345pt.
<outputs/regression/bivariate/2hl/best/val/surface_output_l3_n0.png, id=712, 50
3.8825pt x 426.393pt>
File: outputs/regression/bivariate/2hl/best/val/surface_output_l3_n0.png Graphi
c file (type png)
<use outputs/regression/bivariate/2hl/best/val/surface_output_l3_n0.png>
Package pdftex.def Info: outputs/regression/bivariate/2hl/best/val/surface_outp
ut_l3_n0.png  used on input line 1498.
(pdftex.def)             Requested size: 147.50256pt x 124.81541pt.
<outputs/regression/bivariate/2hl/best/test/surface_output_l3_n0.png, id=713, 5
07.0945pt x 426.393pt>
File: outputs/regression/bivariate/2hl/best/test/surface_output_l3_n0.png Graph
ic file (type png)
<use outputs/regression/bivariate/2hl/best/test/surface_output_l3_n0.png>
Package pdftex.def Info: outputs/regression/bivariate/2hl/best/test/surface_out
put_l3_n0.png  used on input line 1502.
(pdftex.def)             Requested size: 147.50256pt x 124.02815pt.
 [29 <./outputs/regression/bivariate/2hl/best/train/surface_hidden_l2_n4.png> <
./outputs/regression/bivariate/2hl/best/val/surface_hidden_l2_n4.png> <./output
s/regression/bivariate/2hl/best/test/surface_hidden_l2_n4.png> <./outputs/regre
ssion/bivariate/2hl/best/train/surface_hidden_l2_n5.png> <./outputs/regression/
bivariate/2hl/best/val/surface_hidden_l2_n5.png> <./outputs/regression/bivariat
e/2hl/best/test/surface_hidden_l2_n5.png> <./outputs/regression/bivariate/2hl/b
est/train/surface_hidden_l2_n6.png> <./outputs/regression/bivariate/2hl/best/va
l/surface_hidden_l2_n6.png> <./outputs/regression/bivariate/2hl/best/test/surfa
ce_hidden_l2_n6.png> <./outputs/regression/bivariate/2hl/best/train/surface_hid
den_l2_n7.png> <./outputs/regression/bivariate/2hl/best/val/surface_hidden_l2_n
7.png> <./outputs/regression/bivariate/2hl/best/test/surface_hidden_l2_n7.png>]
<outputs/regression/bivariate/1hl/best/train/surface_hidden_l1_n0.png, id=731, 
510.708pt x 426.393pt>
File: outputs/regression/bivariate/1hl/best/train/surface_hidden_l1_n0.png Grap
hic file (type png)
<use outputs/regression/bivariate/1hl/best/train/surface_hidden_l1_n0.png>
Package pdftex.def Info: outputs/regression/bivariate/1hl/best/train/surface_hi
dden_l1_n0.png  used on input line 1512.
(pdftex.def)             Requested size: 147.50256pt x 123.14981pt.
<outputs/regression/bivariate/1hl/best/val/surface_hidden_l1_n0.png, id=732, 50
4.284pt x 426.393pt>
File: outputs/regression/bivariate/1hl/best/val/surface_hidden_l1_n0.png Graphi
c file (type png)
<use outputs/regression/bivariate/1hl/best/val/surface_hidden_l1_n0.png>
Package pdftex.def Info: outputs/regression/bivariate/1hl/best/val/surface_hidd
en_l1_n0.png  used on input line 1516.
(pdftex.def)             Requested size: 147.50256pt x 124.71782pt.
<outputs/regression/bivariate/1hl/best/test/surface_hidden_l1_n0.png, id=733, 5
07.8975pt x 426.393pt>
File: outputs/regression/bivariate/1hl/best/test/surface_hidden_l1_n0.png Graph
ic file (type png)
<use outputs/regression/bivariate/1hl/best/test/surface_hidden_l1_n0.png>
Package pdftex.def Info: outputs/regression/bivariate/1hl/best/test/surface_hid
den_l1_n0.png  used on input line 1520.
(pdftex.def)             Requested size: 147.50256pt x 123.83298pt.
<outputs/regression/bivariate/1hl/best/train/surface_hidden_l1_n1.png, id=734, 
510.708pt x 426.393pt>
File: outputs/regression/bivariate/1hl/best/train/surface_hidden_l1_n1.png Grap
hic file (type png)
<use outputs/regression/bivariate/1hl/best/train/surface_hidden_l1_n1.png>
Package pdftex.def Info: outputs/regression/bivariate/1hl/best/train/surface_hi
dden_l1_n1.png  used on input line 1525.
(pdftex.def)             Requested size: 147.50256pt x 123.14981pt.
<outputs/regression/bivariate/1hl/best/val/surface_hidden_l1_n1.png, id=735, 50
4.6855pt x 426.393pt>
File: outputs/regression/bivariate/1hl/best/val/surface_hidden_l1_n1.png Graphi
c file (type png)
<use outputs/regression/bivariate/1hl/best/val/surface_hidden_l1_n1.png>
Package pdftex.def Info: outputs/regression/bivariate/1hl/best/val/surface_hidd
en_l1_n1.png  used on input line 1529.
(pdftex.def)             Requested size: 147.50256pt x 124.62022pt.
<outputs/regression/bivariate/1hl/best/test/surface_hidden_l1_n1.png, id=736, 5
07.8975pt x 426.393pt>
File: outputs/regression/bivariate/1hl/best/test/surface_hidden_l1_n1.png Graph
ic file (type png)
<use outputs/regression/bivariate/1hl/best/test/surface_hidden_l1_n1.png>
Package pdftex.def Info: outputs/regression/bivariate/1hl/best/test/surface_hid
den_l1_n1.png  used on input line 1533.
(pdftex.def)             Requested size: 147.50256pt x 123.83298pt.
<outputs/regression/bivariate/1hl/best/train/surface_hidden_l1_n2.png, id=737, 
510.708pt x 426.393pt>
File: outputs/regression/bivariate/1hl/best/train/surface_hidden_l1_n2.png Grap
hic file (type png)
<use outputs/regression/bivariate/1hl/best/train/surface_hidden_l1_n2.png>
Package pdftex.def Info: outputs/regression/bivariate/1hl/best/train/surface_hi
dden_l1_n2.png  used on input line 1538.
(pdftex.def)             Requested size: 147.50256pt x 123.14981pt.
<outputs/regression/bivariate/1hl/best/val/surface_hidden_l1_n2.png, id=738, 50
4.284pt x 426.393pt>
File: outputs/regression/bivariate/1hl/best/val/surface_hidden_l1_n2.png Graphi
c file (type png)
<use outputs/regression/bivariate/1hl/best/val/surface_hidden_l1_n2.png>
Package pdftex.def Info: outputs/regression/bivariate/1hl/best/val/surface_hidd
en_l1_n2.png  used on input line 1542.
(pdftex.def)             Requested size: 147.50256pt x 124.71782pt.
<outputs/regression/bivariate/1hl/best/test/surface_hidden_l1_n2.png, id=739, 5
07.8975pt x 426.393pt>
File: outputs/regression/bivariate/1hl/best/test/surface_hidden_l1_n2.png Graph
ic file (type png)
<use outputs/regression/bivariate/1hl/best/test/surface_hidden_l1_n2.png>
Package pdftex.def Info: outputs/regression/bivariate/1hl/best/test/surface_hid
den_l1_n2.png  used on input line 1546.
(pdftex.def)             Requested size: 147.50256pt x 123.83298pt.
<outputs/regression/bivariate/1hl/best/train/surface_hidden_l1_n3.png, id=740, 
504.284pt x 426.393pt>
File: outputs/regression/bivariate/1hl/best/train/surface_hidden_l1_n3.png Grap
hic file (type png)
<use outputs/regression/bivariate/1hl/best/train/surface_hidden_l1_n3.png>
Package pdftex.def Info: outputs/regression/bivariate/1hl/best/train/surface_hi
dden_l1_n3.png  used on input line 1551.
(pdftex.def)             Requested size: 147.50256pt x 124.71782pt.
<outputs/regression/bivariate/1hl/best/val/surface_hidden_l1_n3.png, id=741, 49
8.2615pt x 426.393pt>
File: outputs/regression/bivariate/1hl/best/val/surface_hidden_l1_n3.png Graphi
c file (type png)
<use outputs/regression/bivariate/1hl/best/val/surface_hidden_l1_n3.png>
Package pdftex.def Info: outputs/regression/bivariate/1hl/best/val/surface_hidd
en_l1_n3.png  used on input line 1555.
(pdftex.def)             Requested size: 147.50256pt x 126.22726pt.
<outputs/regression/bivariate/1hl/best/test/surface_hidden_l1_n3.png, id=742, 5
01.4735pt x 426.393pt>
File: outputs/regression/bivariate/1hl/best/test/surface_hidden_l1_n3.png Graph
ic file (type png)
<use outputs/regression/bivariate/1hl/best/test/surface_hidden_l1_n3.png>
Package pdftex.def Info: outputs/regression/bivariate/1hl/best/test/surface_hid
den_l1_n3.png  used on input line 1559.
(pdftex.def)             Requested size: 147.50256pt x 125.41399pt.
 [30 <./outputs/regression/bivariate/2hl/best/train/surface_output_l3_n0.png> <
./outputs/regression/bivariate/2hl/best/val/surface_output_l3_n0.png> <./output
s/regression/bivariate/2hl/best/test/surface_output_l3_n0.png>]
<outputs/regression/bivariate/1hl/best/train/surface_hidden_l1_n4.png, id=751, 
510.708pt x 426.393pt>
File: outputs/regression/bivariate/1hl/best/train/surface_hidden_l1_n4.png Grap
hic file (type png)
<use outputs/regression/bivariate/1hl/best/train/surface_hidden_l1_n4.png>
Package pdftex.def Info: outputs/regression/bivariate/1hl/best/train/surface_hi
dden_l1_n4.png  used on input line 1569.
(pdftex.def)             Requested size: 147.50256pt x 123.14981pt.
<outputs/regression/bivariate/1hl/best/val/surface_hidden_l1_n4.png, id=752, 50
4.6855pt x 426.393pt>
File: outputs/regression/bivariate/1hl/best/val/surface_hidden_l1_n4.png Graphi
c file (type png)
<use outputs/regression/bivariate/1hl/best/val/surface_hidden_l1_n4.png>
Package pdftex.def Info: outputs/regression/bivariate/1hl/best/val/surface_hidd
en_l1_n4.png  used on input line 1573.
(pdftex.def)             Requested size: 147.50256pt x 124.62022pt.
<outputs/regression/bivariate/1hl/best/test/surface_hidden_l1_n4.png, id=753, 5
07.8975pt x 426.393pt>
File: outputs/regression/bivariate/1hl/best/test/surface_hidden_l1_n4.png Graph
ic file (type png)
<use outputs/regression/bivariate/1hl/best/test/surface_hidden_l1_n4.png>
Package pdftex.def Info: outputs/regression/bivariate/1hl/best/test/surface_hid
den_l1_n4.png  used on input line 1577.
(pdftex.def)             Requested size: 147.50256pt x 123.83298pt.
<outputs/regression/bivariate/1hl/best/train/surface_hidden_l1_n5.png, id=754, 
510.708pt x 426.393pt>
File: outputs/regression/bivariate/1hl/best/train/surface_hidden_l1_n5.png Grap
hic file (type png)
<use outputs/regression/bivariate/1hl/best/train/surface_hidden_l1_n5.png>
Package pdftex.def Info: outputs/regression/bivariate/1hl/best/train/surface_hi
dden_l1_n5.png  used on input line 1582.
(pdftex.def)             Requested size: 147.50256pt x 123.14981pt.
<outputs/regression/bivariate/1hl/best/val/surface_hidden_l1_n5.png, id=755, 50
4.6855pt x 426.393pt>
File: outputs/regression/bivariate/1hl/best/val/surface_hidden_l1_n5.png Graphi
c file (type png)
<use outputs/regression/bivariate/1hl/best/val/surface_hidden_l1_n5.png>
Package pdftex.def Info: outputs/regression/bivariate/1hl/best/val/surface_hidd
en_l1_n5.png  used on input line 1586.
(pdftex.def)             Requested size: 147.50256pt x 124.62022pt.
<outputs/regression/bivariate/1hl/best/test/surface_hidden_l1_n5.png, id=756, 5
07.8975pt x 426.393pt>
File: outputs/regression/bivariate/1hl/best/test/surface_hidden_l1_n5.png Graph
ic file (type png)
<use outputs/regression/bivariate/1hl/best/test/surface_hidden_l1_n5.png>
Package pdftex.def Info: outputs/regression/bivariate/1hl/best/test/surface_hid
den_l1_n5.png  used on input line 1590.
(pdftex.def)             Requested size: 147.50256pt x 123.83298pt.
<outputs/regression/bivariate/1hl/best/train/surface_hidden_l1_n6.png, id=757, 
510.708pt x 426.393pt>
File: outputs/regression/bivariate/1hl/best/train/surface_hidden_l1_n6.png Grap
hic file (type png)
<use outputs/regression/bivariate/1hl/best/train/surface_hidden_l1_n6.png>
Package pdftex.def Info: outputs/regression/bivariate/1hl/best/train/surface_hi
dden_l1_n6.png  used on input line 1595.
(pdftex.def)             Requested size: 147.50256pt x 123.14981pt.
<outputs/regression/bivariate/1hl/best/val/surface_hidden_l1_n6.png, id=758, 50
4.284pt x 426.393pt>
File: outputs/regression/bivariate/1hl/best/val/surface_hidden_l1_n6.png Graphi
c file (type png)
<use outputs/regression/bivariate/1hl/best/val/surface_hidden_l1_n6.png>
Package pdftex.def Info: outputs/regression/bivariate/1hl/best/val/surface_hidd
en_l1_n6.png  used on input line 1599.
(pdftex.def)             Requested size: 147.50256pt x 124.71782pt.
<outputs/regression/bivariate/1hl/best/test/surface_hidden_l1_n6.png, id=759, 5
07.8975pt x 426.393pt>
File: outputs/regression/bivariate/1hl/best/test/surface_hidden_l1_n6.png Graph
ic file (type png)
<use outputs/regression/bivariate/1hl/best/test/surface_hidden_l1_n6.png>
Package pdftex.def Info: outputs/regression/bivariate/1hl/best/test/surface_hid
den_l1_n6.png  used on input line 1603.
(pdftex.def)             Requested size: 147.50256pt x 123.83298pt.
<outputs/regression/bivariate/1hl/best/train/surface_hidden_l1_n7.png, id=760, 
504.284pt x 426.393pt>
File: outputs/regression/bivariate/1hl/best/train/surface_hidden_l1_n7.png Grap
hic file (type png)
<use outputs/regression/bivariate/1hl/best/train/surface_hidden_l1_n7.png>
Package pdftex.def Info: outputs/regression/bivariate/1hl/best/train/surface_hi
dden_l1_n7.png  used on input line 1608.
(pdftex.def)             Requested size: 147.50256pt x 124.71782pt.
<outputs/regression/bivariate/1hl/best/val/surface_hidden_l1_n7.png, id=761, 49
8.2615pt x 426.393pt>
File: outputs/regression/bivariate/1hl/best/val/surface_hidden_l1_n7.png Graphi
c file (type png)
<use outputs/regression/bivariate/1hl/best/val/surface_hidden_l1_n7.png>
Package pdftex.def Info: outputs/regression/bivariate/1hl/best/val/surface_hidd
en_l1_n7.png  used on input line 1612.
(pdftex.def)             Requested size: 147.50256pt x 126.22726pt.
<outputs/regression/bivariate/1hl/best/test/surface_hidden_l1_n7.png, id=762, 5
01.4735pt x 426.393pt>
File: outputs/regression/bivariate/1hl/best/test/surface_hidden_l1_n7.png Graph
ic file (type png)
<use outputs/regression/bivariate/1hl/best/test/surface_hidden_l1_n7.png>
Package pdftex.def Info: outputs/regression/bivariate/1hl/best/test/surface_hid
den_l1_n7.png  used on input line 1616.
(pdftex.def)             Requested size: 147.50256pt x 125.41399pt.
 [31 <./outputs/regression/bivariate/1hl/best/train/surface_hidden_l1_n0.png> <
./outputs/regression/bivariate/1hl/best/val/surface_hidden_l1_n0.png> <./output
s/regression/bivariate/1hl/best/test/surface_hidden_l1_n0.png> <./outputs/regre
ssion/bivariate/1hl/best/train/surface_hidden_l1_n1.png> <./outputs/regression/
bivariate/1hl/best/val/surface_hidden_l1_n1.png> <./outputs/regression/bivariat
e/1hl/best/test/surface_hidden_l1_n1.png> <./outputs/regression/bivariate/1hl/b
est/train/surface_hidden_l1_n2.png> <./outputs/regression/bivariate/1hl/best/va
l/surface_hidden_l1_n2.png> <./outputs/regression/bivariate/1hl/best/test/surfa
ce_hidden_l1_n2.png> <./outputs/regression/bivariate/1hl/best/train/surface_hid
den_l1_n3.png> <./outputs/regression/bivariate/1hl/best/val/surface_hidden_l1_n
3.png> <./outputs/regression/bivariate/1hl/best/test/surface_hidden_l1_n3.png>]
<outputs/regression/bivariate/1hl/best/train/surface_hidden_l1_n8.png, id=781, 
504.284pt x 426.393pt>
File: outputs/regression/bivariate/1hl/best/train/surface_hidden_l1_n8.png Grap
hic file (type png)
<use outputs/regression/bivariate/1hl/best/train/surface_hidden_l1_n8.png>
Package pdftex.def Info: outputs/regression/bivariate/1hl/best/train/surface_hi
dden_l1_n8.png  used on input line 1626.
(pdftex.def)             Requested size: 147.50256pt x 124.71782pt.
<outputs/regression/bivariate/1hl/best/val/surface_hidden_l1_n8.png, id=782, 49
8.2615pt x 426.393pt>
File: outputs/regression/bivariate/1hl/best/val/surface_hidden_l1_n8.png Graphi
c file (type png)
<use outputs/regression/bivariate/1hl/best/val/surface_hidden_l1_n8.png>
Package pdftex.def Info: outputs/regression/bivariate/1hl/best/val/surface_hidd
en_l1_n8.png  used on input line 1630.
(pdftex.def)             Requested size: 147.50256pt x 126.22726pt.
<outputs/regression/bivariate/1hl/best/test/surface_hidden_l1_n8.png, id=783, 5
01.4735pt x 426.393pt>
File: outputs/regression/bivariate/1hl/best/test/surface_hidden_l1_n8.png Graph
ic file (type png)
<use outputs/regression/bivariate/1hl/best/test/surface_hidden_l1_n8.png>
Package pdftex.def Info: outputs/regression/bivariate/1hl/best/test/surface_hid
den_l1_n8.png  used on input line 1634.
(pdftex.def)             Requested size: 147.50256pt x 125.41399pt.
<outputs/regression/bivariate/1hl/best/train/surface_hidden_l1_n9.png, id=784, 
504.284pt x 426.393pt>
File: outputs/regression/bivariate/1hl/best/train/surface_hidden_l1_n9.png Grap
hic file (type png)
<use outputs/regression/bivariate/1hl/best/train/surface_hidden_l1_n9.png>
Package pdftex.def Info: outputs/regression/bivariate/1hl/best/train/surface_hi
dden_l1_n9.png  used on input line 1639.
(pdftex.def)             Requested size: 147.50256pt x 124.71782pt.
<outputs/regression/bivariate/1hl/best/val/surface_hidden_l1_n9.png, id=785, 49
7.86pt x 426.393pt>
File: outputs/regression/bivariate/1hl/best/val/surface_hidden_l1_n9.png Graphi
c file (type png)
<use outputs/regression/bivariate/1hl/best/val/surface_hidden_l1_n9.png>
Package pdftex.def Info: outputs/regression/bivariate/1hl/best/val/surface_hidd
en_l1_n9.png  used on input line 1643.
(pdftex.def)             Requested size: 147.50256pt x 126.33136pt.
<outputs/regression/bivariate/1hl/best/test/surface_hidden_l1_n9.png, id=786, 5
01.4735pt x 426.393pt>
File: outputs/regression/bivariate/1hl/best/test/surface_hidden_l1_n9.png Graph
ic file (type png)
<use outputs/regression/bivariate/1hl/best/test/surface_hidden_l1_n9.png>
Package pdftex.def Info: outputs/regression/bivariate/1hl/best/test/surface_hid
den_l1_n9.png  used on input line 1647.
(pdftex.def)             Requested size: 147.50256pt x 125.41399pt.
<outputs/regression/bivariate/1hl/best/train/surface_hidden_l1_n10.png, id=787,
 514.723pt x 426.393pt>
File: outputs/regression/bivariate/1hl/best/train/surface_hidden_l1_n10.png Gra
phic file (type png)
<use outputs/regression/bivariate/1hl/best/train/surface_hidden_l1_n10.png>
Package pdftex.def Info: outputs/regression/bivariate/1hl/best/train/surface_hi
dden_l1_n10.png  used on input line 1652.
(pdftex.def)             Requested size: 147.50256pt x 122.18689pt.
<outputs/regression/bivariate/1hl/best/val/surface_hidden_l1_n10.png, id=788, 5
08.7005pt x 426.393pt>
File: outputs/regression/bivariate/1hl/best/val/surface_hidden_l1_n10.png Graph
ic file (type png)
<use outputs/regression/bivariate/1hl/best/val/surface_hidden_l1_n10.png>
Package pdftex.def Info: outputs/regression/bivariate/1hl/best/val/surface_hidd
en_l1_n10.png  used on input line 1656.
(pdftex.def)             Requested size: 147.50256pt x 123.63779pt.
<outputs/regression/bivariate/1hl/best/test/surface_hidden_l1_n10.png, id=789, 
511.9125pt x 426.393pt>
File: outputs/regression/bivariate/1hl/best/test/surface_hidden_l1_n10.png Grap
hic file (type png)
<use outputs/regression/bivariate/1hl/best/test/surface_hidden_l1_n10.png>
Package pdftex.def Info: outputs/regression/bivariate/1hl/best/test/surface_hid
den_l1_n10.png  used on input line 1660.
(pdftex.def)             Requested size: 147.50256pt x 122.85704pt.
<outputs/regression/bivariate/1hl/best/train/surface_hidden_l1_n11.png, id=790,
 508.299pt x 426.393pt>
File: outputs/regression/bivariate/1hl/best/train/surface_hidden_l1_n11.png Gra
phic file (type png)
<use outputs/regression/bivariate/1hl/best/train/surface_hidden_l1_n11.png>
Package pdftex.def Info: outputs/regression/bivariate/1hl/best/train/surface_hi
dden_l1_n11.png  used on input line 1665.
(pdftex.def)             Requested size: 147.50256pt x 123.72887pt.
<outputs/regression/bivariate/1hl/best/val/surface_hidden_l1_n11.png, id=791, 5
02.2765pt x 426.393pt>
File: outputs/regression/bivariate/1hl/best/val/surface_hidden_l1_n11.png Graph
ic file (type png)
<use outputs/regression/bivariate/1hl/best/val/surface_hidden_l1_n11.png>
Package pdftex.def Info: outputs/regression/bivariate/1hl/best/val/surface_hidd
en_l1_n11.png  used on input line 1669.
(pdftex.def)             Requested size: 147.50256pt x 125.2188pt.
<outputs/regression/bivariate/1hl/best/test/surface_hidden_l1_n11.png, id=792, 
505.4885pt x 426.393pt>
File: outputs/regression/bivariate/1hl/best/test/surface_hidden_l1_n11.png Grap
hic file (type png)
<use outputs/regression/bivariate/1hl/best/test/surface_hidden_l1_n11.png>
Package pdftex.def Info: outputs/regression/bivariate/1hl/best/test/surface_hid
den_l1_n11.png  used on input line 1673.
(pdftex.def)             Requested size: 147.50256pt x 124.41853pt.
 [32 <./outputs/regression/bivariate/1hl/best/train/surface_hidden_l1_n4.png> <
./outputs/regression/bivariate/1hl/best/val/surface_hidden_l1_n4.png> <./output
s/regression/bivariate/1hl/best/test/surface_hidden_l1_n4.png> <./outputs/regre
ssion/bivariate/1hl/best/train/surface_hidden_l1_n5.png> <./outputs/regression/
bivariate/1hl/best/val/surface_hidden_l1_n5.png> <./outputs/regression/bivariat
e/1hl/best/test/surface_hidden_l1_n5.png> <./outputs/regression/bivariate/1hl/b
est/train/surface_hidden_l1_n6.png> <./outputs/regression/bivariate/1hl/best/va
l/surface_hidden_l1_n6.png> <./outputs/regression/bivariate/1hl/best/test/surfa
ce_hidden_l1_n6.png> <./outputs/regression/bivariate/1hl/best/train/surface_hid
den_l1_n7.png> <./outputs/regression/bivariate/1hl/best/val/surface_hidden_l1_n
7.png> <./outputs/regression/bivariate/1hl/best/test/surface_hidden_l1_n7.png>]
<outputs/regression/bivariate/1hl/best/train/surface_hidden_l1_n12.png, id=810,
 514.723pt x 426.393pt>
File: outputs/regression/bivariate/1hl/best/train/surface_hidden_l1_n12.png Gra
phic file (type png)
<use outputs/regression/bivariate/1hl/best/train/surface_hidden_l1_n12.png>
Package pdftex.def Info: outputs/regression/bivariate/1hl/best/train/surface_hi
dden_l1_n12.png  used on input line 1683.
(pdftex.def)             Requested size: 147.50256pt x 122.18689pt.
<outputs/regression/bivariate/1hl/best/val/surface_hidden_l1_n12.png, id=811, 5
08.7005pt x 426.393pt>
File: outputs/regression/bivariate/1hl/best/val/surface_hidden_l1_n12.png Graph
ic file (type png)
<use outputs/regression/bivariate/1hl/best/val/surface_hidden_l1_n12.png>
Package pdftex.def Info: outputs/regression/bivariate/1hl/best/val/surface_hidd
en_l1_n12.png  used on input line 1687.
(pdftex.def)             Requested size: 147.50256pt x 123.63779pt.
<outputs/regression/bivariate/1hl/best/test/surface_hidden_l1_n12.png, id=812, 
511.9125pt x 426.393pt>
File: outputs/regression/bivariate/1hl/best/test/surface_hidden_l1_n12.png Grap
hic file (type png)
<use outputs/regression/bivariate/1hl/best/test/surface_hidden_l1_n12.png>
Package pdftex.def Info: outputs/regression/bivariate/1hl/best/test/surface_hid
den_l1_n12.png  used on input line 1691.
(pdftex.def)             Requested size: 147.50256pt x 122.85704pt.
<outputs/regression/bivariate/1hl/best/train/surface_hidden_l1_n13.png, id=813,
 514.723pt x 426.393pt>
File: outputs/regression/bivariate/1hl/best/train/surface_hidden_l1_n13.png Gra
phic file (type png)
<use outputs/regression/bivariate/1hl/best/train/surface_hidden_l1_n13.png>
Package pdftex.def Info: outputs/regression/bivariate/1hl/best/train/surface_hi
dden_l1_n13.png  used on input line 1696.
(pdftex.def)             Requested size: 147.50256pt x 122.18689pt.
<outputs/regression/bivariate/1hl/best/val/surface_hidden_l1_n13.png, id=814, 5
08.7005pt x 426.393pt>
File: outputs/regression/bivariate/1hl/best/val/surface_hidden_l1_n13.png Graph
ic file (type png)
<use outputs/regression/bivariate/1hl/best/val/surface_hidden_l1_n13.png>
Package pdftex.def Info: outputs/regression/bivariate/1hl/best/val/surface_hidd
en_l1_n13.png  used on input line 1700.
(pdftex.def)             Requested size: 147.50256pt x 123.63779pt.
<outputs/regression/bivariate/1hl/best/test/surface_hidden_l1_n13.png, id=815, 
511.9125pt x 426.393pt>
File: outputs/regression/bivariate/1hl/best/test/surface_hidden_l1_n13.png Grap
hic file (type png)
<use outputs/regression/bivariate/1hl/best/test/surface_hidden_l1_n13.png>
Package pdftex.def Info: outputs/regression/bivariate/1hl/best/test/surface_hid
den_l1_n13.png  used on input line 1704.
(pdftex.def)             Requested size: 147.50256pt x 122.85704pt.
<outputs/regression/bivariate/1hl/best/train/surface_hidden_l1_n14.png, id=816,
 514.723pt x 426.393pt>
File: outputs/regression/bivariate/1hl/best/train/surface_hidden_l1_n14.png Gra
phic file (type png)
<use outputs/regression/bivariate/1hl/best/train/surface_hidden_l1_n14.png>
Package pdftex.def Info: outputs/regression/bivariate/1hl/best/train/surface_hi
dden_l1_n14.png  used on input line 1709.
(pdftex.def)             Requested size: 147.50256pt x 122.18689pt.
<outputs/regression/bivariate/1hl/best/val/surface_hidden_l1_n14.png, id=817, 5
08.7005pt x 426.393pt>
File: outputs/regression/bivariate/1hl/best/val/surface_hidden_l1_n14.png Graph
ic file (type png)
<use outputs/regression/bivariate/1hl/best/val/surface_hidden_l1_n14.png>
Package pdftex.def Info: outputs/regression/bivariate/1hl/best/val/surface_hidd
en_l1_n14.png  used on input line 1713.
(pdftex.def)             Requested size: 147.50256pt x 123.63779pt.
<outputs/regression/bivariate/1hl/best/test/surface_hidden_l1_n14.png, id=818, 
511.9125pt x 426.393pt>
File: outputs/regression/bivariate/1hl/best/test/surface_hidden_l1_n14.png Grap
hic file (type png)
<use outputs/regression/bivariate/1hl/best/test/surface_hidden_l1_n14.png>
Package pdftex.def Info: outputs/regression/bivariate/1hl/best/test/surface_hid
den_l1_n14.png  used on input line 1717.
(pdftex.def)             Requested size: 147.50256pt x 122.85704pt.
<outputs/regression/bivariate/1hl/best/train/surface_hidden_l1_n15.png, id=819,
 514.723pt x 426.393pt>
File: outputs/regression/bivariate/1hl/best/train/surface_hidden_l1_n15.png Gra
phic file (type png)
<use outputs/regression/bivariate/1hl/best/train/surface_hidden_l1_n15.png>
Package pdftex.def Info: outputs/regression/bivariate/1hl/best/train/surface_hi
dden_l1_n15.png  used on input line 1722.
(pdftex.def)             Requested size: 147.50256pt x 122.18689pt.
<outputs/regression/bivariate/1hl/best/val/surface_hidden_l1_n15.png, id=820, 5
08.7005pt x 426.393pt>
File: outputs/regression/bivariate/1hl/best/val/surface_hidden_l1_n15.png Graph
ic file (type png)
<use outputs/regression/bivariate/1hl/best/val/surface_hidden_l1_n15.png>
Package pdftex.def Info: outputs/regression/bivariate/1hl/best/val/surface_hidd
en_l1_n15.png  used on input line 1726.
(pdftex.def)             Requested size: 147.50256pt x 123.63779pt.
<outputs/regression/bivariate/1hl/best/test/surface_hidden_l1_n15.png, id=821, 
511.9125pt x 426.393pt>
File: outputs/regression/bivariate/1hl/best/test/surface_hidden_l1_n15.png Grap
hic file (type png)
<use outputs/regression/bivariate/1hl/best/test/surface_hidden_l1_n15.png>
Package pdftex.def Info: outputs/regression/bivariate/1hl/best/test/surface_hid
den_l1_n15.png  used on input line 1730.
(pdftex.def)             Requested size: 147.50256pt x 122.85704pt.
 [33 <./outputs/regression/bivariate/1hl/best/train/surface_hidden_l1_n8.png> <
./outputs/regression/bivariate/1hl/best/val/surface_hidden_l1_n8.png> <./output
s/regression/bivariate/1hl/best/test/surface_hidden_l1_n8.png> <./outputs/regre
ssion/bivariate/1hl/best/train/surface_hidden_l1_n9.png> <./outputs/regression/
bivariate/1hl/best/val/surface_hidden_l1_n9.png> <./outputs/regression/bivariat
e/1hl/best/test/surface_hidden_l1_n9.png> <./outputs/regression/bivariate/1hl/b
est/train/surface_hidden_l1_n10.png> <./outputs/regression/bivariate/1hl/best/v
al/surface_hidden_l1_n10.png> <./outputs/regression/bivariate/1hl/best/test/sur
face_hidden_l1_n10.png> <./outputs/regression/bivariate/1hl/best/train/surface_
hidden_l1_n11.png> <./outputs/regression/bivariate/1hl/best/val/surface_hidden_
l1_n11.png> <./outputs/regression/bivariate/1hl/best/test/surface_hidden_l1_n11
.png>]
<outputs/regression/bivariate/1hl/best/train/surface_output_l2_n0.png, id=839, 
509.905pt x 426.393pt>
File: outputs/regression/bivariate/1hl/best/train/surface_output_l2_n0.png Grap
hic file (type png)
<use outputs/regression/bivariate/1hl/best/train/surface_output_l2_n0.png>
Package pdftex.def Info: outputs/regression/bivariate/1hl/best/train/surface_ou
tput_l2_n0.png  used on input line 1740.
(pdftex.def)             Requested size: 147.50256pt x 123.345pt.
<outputs/regression/bivariate/1hl/best/val/surface_output_l2_n0.png, id=840, 50
3.8825pt x 426.393pt>
File: outputs/regression/bivariate/1hl/best/val/surface_output_l2_n0.png Graphi
c file (type png)
<use outputs/regression/bivariate/1hl/best/val/surface_output_l2_n0.png>
Package pdftex.def Info: outputs/regression/bivariate/1hl/best/val/surface_outp
ut_l2_n0.png  used on input line 1744.
(pdftex.def)             Requested size: 147.50256pt x 124.81541pt.
<outputs/regression/bivariate/1hl/best/test/surface_output_l2_n0.png, id=841, 5
07.0945pt x 426.393pt>
File: outputs/regression/bivariate/1hl/best/test/surface_output_l2_n0.png Graph
ic file (type png)
<use outputs/regression/bivariate/1hl/best/test/surface_output_l2_n0.png>
Package pdftex.def Info: outputs/regression/bivariate/1hl/best/test/surface_out
put_l2_n0.png  used on input line 1748.
(pdftex.def)             Requested size: 147.50256pt x 124.02815pt.
 [34 <./outputs/regression/bivariate/1hl/best/train/surface_hidden_l1_n12.png> 
<./outputs/regression/bivariate/1hl/best/val/surface_hidden_l1_n12.png> <./outp
uts/regression/bivariate/1hl/best/test/surface_hidden_l1_n12.png> <./outputs/re
gression/bivariate/1hl/best/train/surface_hidden_l1_n13.png> <./outputs/regress
ion/bivariate/1hl/best/val/surface_hidden_l1_n13.png> <./outputs/regression/biv
ariate/1hl/best/test/surface_hidden_l1_n13.png> <./outputs/regression/bivariate
/1hl/best/train/surface_hidden_l1_n14.png> <./outputs/regression/bivariate/1hl/
best/val/surface_hidden_l1_n14.png> <./outputs/regression/bivariate/1hl/best/te
st/surface_hidden_l1_n14.png> <./outputs/regression/bivariate/1hl/best/train/su
rface_hidden_l1_n15.png> <./outputs/regression/bivariate/1hl/best/val/surface_h
idden_l1_n15.png> <./outputs/regression/bivariate/1hl/best/test/surface_hidden_
l1_n15.png>]
Overfull \hbox (32.6856pt too wide) in paragraph at lines 1761--1773
 [][] 
 []

[35 <./outputs/regression/bivariate/1hl/best/train/surface_output_l2_n0.png> <.
/outputs/regression/bivariate/1hl/best/val/surface_output_l2_n0.png> <./outputs
/regression/bivariate/1hl/best/test/surface_output_l2_n0.png>] [36]
(./Group11_Assignment2_report_v11.aux)
Package rerunfilecheck Info: File `Group11_Assignment2_report_v11.out' has not 
changed.
(rerunfilecheck)             Checksum: 5831226595A779AC42CBB01F566A4817;3777.
 ) 
Here is how much of TeX's memory you used:
 13700 strings out of 480171
 299646 string characters out of 5894490
 494956 words of memory out of 5000000
 31297 multiletter control sequences out of 15000+600000
 480866 words of font info for 72 fonts, out of 8000000 for 9000
 59 hyphenation exceptions out of 8191
 60i,15n,63p,1154b,493s stack positions out of 5000i,500n,10000p,200000b,80000s
 </root/.texlive2021/texmf-var/fonts/pk/ljfour/jknappen/ec/tcrm1095.600pk></u
sr/share/texlive/texmf-dist/fonts/type1/public/amsfonts/cm/cmbx10.pfb></usr/sha
re/texlive/texmf-dist/fonts/type1/public/amsfonts/cm/cmbx12.pfb></usr/share/tex
live/texmf-dist/fonts/type1/public/amsfonts/cm/cmex10.pfb></usr/share/texlive/t
exmf-dist/fonts/type1/public/amsfonts/cm/cmmi10.pfb></usr/share/texlive/texmf-d
ist/fonts/type1/public/amsfonts/cm/cmmi12.pfb></usr/share/texlive/texmf-dist/fo
nts/type1/public/amsfonts/cm/cmmi8.pfb></usr/share/texlive/texmf-dist/fonts/typ
e1/public/amsfonts/cm/cmr10.pfb></usr/share/texlive/texmf-dist/fonts/type1/publ
ic/amsfonts/cm/cmr12.pfb></usr/share/texlive/texmf-dist/fonts/type1/public/amsf
onts/cm/cmr8.pfb></usr/share/texlive/texmf-dist/fonts/type1/public/amsfonts/cm/
cmsy10.pfb></usr/share/texlive/texmf-dist/fonts/type1/public/amsfonts/cm/cmsy8.
pfb>
Output written on Group11_Assignment2_report_v11.pdf (36 pages, 69868441 bytes)
.
PDF statistics:
 972 PDF objects out of 1000 (max. 8388607)
 391 compressed objects within 4 object streams
 136 named destinations out of 1000 (max. 500000)
 1419 words of extra memory for PDF output out of 10000 (max. 10000000)

